<?xml version='1.0' encoding='UTF-8'?>
<definitions xmlns="http://www.omg.org/spec/BPMN/20100524/MODEL" xmlns:xsi="http://www.w3.org/2001/XMLSchema-instance" xmlns:xsd="http://www.w3.org/2001/XMLSchema" xmlns:activiti="http://activiti.org/bpmn" xmlns:bpmndi="http://www.omg.org/spec/BPMN/20100524/DI" xmlns:omgdc="http://www.omg.org/spec/DD/20100524/DC" xmlns:omgdi="http://www.omg.org/spec/DD/20100524/DI" typeLanguage="http://www.w3.org/2001/XMLSchema" expressionLanguage="http://www.w3.org/1999/XPath" targetNamespace="http://www.activiti.org/processdef" xmlns:modeler="http://activiti.com/modeler" modeler:version="1.0en" modeler:exportDateTime="20171101154012534" modeler:modelId="28035" modeler:modelVersion="7" modeler:modelLastUpdated="1509451923125">
  <process id="testprocess2" name="testprocess2" isExecutable="true">
    <startEvent id="startEvent1">
      <extensionElements>
        <modeler:editor-resource-id><![CDATA[startEvent1]]></modeler:editor-resource-id>
      </extensionElements>
    </startEvent>
    <userTask id="sid-03C27C2C-A6A8-4564-A898-46563E1E7365" activiti:assignee="$INITIATOR" activiti:formKey="28036">
      <extensionElements>
        <modeler:allow-send-email><![CDATA[true]]></modeler:allow-send-email>
        <modeler:form-reference-id><![CDATA[28036]]></modeler:form-reference-id>
        <modeler:form-reference-name><![CDATA[test]]></modeler:form-reference-name>
        <modeler:activiti-idm-initiator><![CDATA[true]]></modeler:activiti-idm-initiator>
        <modeler:editor-resource-id><![CDATA[sid-03C27C2C-A6A8-4564-A898-46563E1E7365]]></modeler:editor-resource-id>
      </extensionElements>
    </userTask>
    <sequenceFlow id="sid-A3FF0997-6C95-40AC-BCD2-0364323900B4" sourceRef="startEvent1" targetRef="sid-03C27C2C-A6A8-4564-A898-46563E1E7365">
      <extensionElements>
        <modeler:editor-resource-id><![CDATA[sid-A3FF0997-6C95-40AC-BCD2-0364323900B4]]></modeler:editor-resource-id>
      </extensionElements>
    </sequenceFlow>
    <endEvent id="sid-48836816-4080-4335-98A2-36DB2D2E5B7C" activiti:async="true" activiti:exclusive="false">
      <extensionElements>
        <activiti:executionListener event="start" class="com.activiti.runtime.activiti.ContentProcessorExecutionListener">
          <activiti:field name="externalContentHandler">
            <activiti:expression><![CDATA[${externalContentHandler}]]></activiti:expression>
          </activiti:field>
        </activiti:executionListener>
        <modeler:editor-resource-id><![CDATA[sid-48836816-4080-4335-98A2-36DB2D2E5B7C]]></modeler:editor-resource-id>
        <modeler:ignore-listener-on-import><![CDATA[com.activiti.runtime.activiti.ContentProcessorExecutionListener]]></modeler:ignore-listener-on-import>
      </extensionElements>
    </endEvent>
    <sequenceFlow id="sid-B6E3A499-80E1-4BB7-BF1B-F7AD783EA9E9" sourceRef="sid-03C27C2C-A6A8-4564-A898-46563E1E7365" targetRef="sid-48836816-4080-4335-98A2-36DB2D2E5B7C">
      <extensionElements>
        <modeler:editor-resource-id><![CDATA[sid-B6E3A499-80E1-4BB7-BF1B-F7AD783EA9E9]]></modeler:editor-resource-id>
      </extensionElements>
    </sequenceFlow>
  </process>
  <bpmndi:BPMNDiagram id="BPMNDiagram_testprocess2">
    <bpmndi:BPMNPlane bpmnElement="testprocess2" id="BPMNPlane_testprocess2">
      <bpmndi:BPMNShape bpmnElement="startEvent1" id="BPMNShape_startEvent1">
        <omgdc:Bounds height="30.0" width="30.0" x="100.0" y="163.0"/>
      </bpmndi:BPMNShape>
      <bpmndi:BPMNShape bpmnElement="sid-03C27C2C-A6A8-4564-A898-46563E1E7365" id="BPMNShape_sid-03C27C2C-A6A8-4564-A898-46563E1E7365">
        <omgdc:Bounds height="80.0" width="100.0" x="175.0" y="138.0"/>
      </bpmndi:BPMNShape>
      <bpmndi:BPMNShape bpmnElement="sid-48836816-4080-4335-98A2-36DB2D2E5B7C" id="BPMNShape_sid-48836816-4080-4335-98A2-36DB2D2E5B7C">
        <omgdc:Bounds height="28.0" width="28.0" x="320.0" y="164.0"/>
      </bpmndi:BPMNShape>
      <bpmndi:BPMNEdge bpmnElement="sid-A3FF0997-6C95-40AC-BCD2-0364323900B4" id="BPMNEdge_sid-A3FF0997-6C95-40AC-BCD2-0364323900B4">
        <omgdi:waypoint x="130.0" y="178.0"/>
        <omgdi:waypoint x="175.0" y="178.0"/>
      </bpmndi:BPMNEdge>
      <bpmndi:BPMNEdge bpmnElement="sid-B6E3A499-80E1-4BB7-BF1B-F7AD783EA9E9" id="BPMNEdge_sid-B6E3A499-80E1-4BB7-BF1B-F7AD783EA9E9">
        <omgdi:waypoint x="275.0" y="178.0"/>
        <omgdi:waypoint x="320.0" y="178.0"/>
      </bpmndi:BPMNEdge>
    </bpmndi:BPMNPlane>
  </bpmndi:BPMNDiagram>
</definitions>