<?xml version='1.0' encoding='UTF-8'?>
<definitions xmlns="http://www.omg.org/spec/BPMN/20100524/MODEL" xmlns:xsi="http://www.w3.org/2001/XMLSchema-instance" xmlns:xsd="http://www.w3.org/2001/XMLSchema" xmlns:activiti="http://activiti.org/bpmn" xmlns:bpmndi="http://www.omg.org/spec/BPMN/20100524/DI" xmlns:omgdc="http://www.omg.org/spec/DD/20100524/DC" xmlns:omgdi="http://www.omg.org/spec/DD/20100524/DI" typeLanguage="http://www.w3.org/2001/XMLSchema" expressionLanguage="http://www.w3.org/1999/XPath" targetNamespace="http://www.activiti.org/processdef" xmlns:modeler="http://activiti.com/modeler" modeler:version="1.0en" modeler:exportDateTime="20171127180440971" modeler:modelId="30055" modeler:modelVersion="2" modeler:modelLastUpdated="1509958753207">
  <process id="testprocess3" name="testprocess 3" isExecutable="true">
    <startEvent id="startEvent1">
      <extensionElements>
        <modeler:editor-resource-id><![CDATA[startEvent1]]></modeler:editor-resource-id>
      </extensionElements>
    </startEvent>
    <userTask id="sid-647C5E5F-BDDB-4427-B94D-CDF4E1D1EC2C" activiti:assignee="$INITIATOR">
      <extensionElements>
        <modeler:allow-send-email><![CDATA[true]]></modeler:allow-send-email>
        <modeler:activiti-idm-initiator><![CDATA[true]]></modeler:activiti-idm-initiator>
        <modeler:editor-resource-id><![CDATA[sid-647C5E5F-BDDB-4427-B94D-CDF4E1D1EC2C]]></modeler:editor-resource-id>
      </extensionElements>
    </userTask>
    <sequenceFlow id="sid-9E14D283-C4B8-4F39-8DC1-A99FBAD1A3D8" sourceRef="startEvent1" targetRef="sid-647C5E5F-BDDB-4427-B94D-CDF4E1D1EC2C">
      <extensionElements>
        <modeler:editor-resource-id><![CDATA[sid-9E14D283-C4B8-4F39-8DC1-A99FBAD1A3D8]]></modeler:editor-resource-id>
      </extensionElements>
    </sequenceFlow>
    <endEvent id="id">
      <extensionElements>
        <modeler:editor-resource-id><![CDATA[sid-6D93B42E-2126-4676-BBEF-A43D2CB7A27F]]></modeler:editor-resource-id>
      </extensionElements>
    </endEvent>
    <sequenceFlow id="sid-712D4D12-8248-46B9-AE56-BD29FA4E750B" sourceRef="sid-647C5E5F-BDDB-4427-B94D-CDF4E1D1EC2C" targetRef="id">
      <extensionElements>
        <modeler:editor-resource-id><![CDATA[sid-712D4D12-8248-46B9-AE56-BD29FA4E750B]]></modeler:editor-resource-id>
      </extensionElements>
    </sequenceFlow>
  </process>
  <bpmndi:BPMNDiagram id="BPMNDiagram_testprocess3">
    <bpmndi:BPMNPlane bpmnElement="testprocess3" id="BPMNPlane_testprocess3">
      <bpmndi:BPMNShape bpmnElement="startEvent1" id="BPMNShape_startEvent1">
        <omgdc:Bounds height="30.0" width="30.0" x="100.0" y="163.0"/>
      </bpmndi:BPMNShape>
      <bpmndi:BPMNShape bpmnElement="sid-647C5E5F-BDDB-4427-B94D-CDF4E1D1EC2C" id="BPMNShape_sid-647C5E5F-BDDB-4427-B94D-CDF4E1D1EC2C">
        <omgdc:Bounds height="80.0" width="100.0" x="175.0" y="138.0"/>
      </bpmndi:BPMNShape>
      <bpmndi:BPMNShape bpmnElement="id" id="BPMNShape_id">
        <omgdc:Bounds height="28.0" width="28.0" x="320.0" y="164.0"/>
      </bpmndi:BPMNShape>
      <bpmndi:BPMNEdge bpmnElement="sid-9E14D283-C4B8-4F39-8DC1-A99FBAD1A3D8" id="BPMNEdge_sid-9E14D283-C4B8-4F39-8DC1-A99FBAD1A3D8">
        <omgdi:waypoint x="130.0" y="178.0"/>
        <omgdi:waypoint x="175.0" y="178.0"/>
      </bpmndi:BPMNEdge>
      <bpmndi:BPMNEdge bpmnElement="sid-712D4D12-8248-46B9-AE56-BD29FA4E750B" id="BPMNEdge_sid-712D4D12-8248-46B9-AE56-BD29FA4E750B">
        <omgdi:waypoint x="275.0" y="178.0"/>
        <omgdi:waypoint x="320.0" y="178.0"/>
      </bpmndi:BPMNEdge>
    </bpmndi:BPMNPlane>
  </bpmndi:BPMNDiagram>
</definitions>