{"bounds":{"lowerRight":{"x":1485.0,"y":700.0},"upperLeft":{"x":0.0,"y":0.0}},"resourceId":"canvas","stencil":{"id":"BPMNDiagram"},"stencilset":{"namespace":"http://b3mn.org/stencilset/bpmn2.0#","url":"../editor/stencilsets/bpmn2.0/bpmn2.0.json"},"properties":{"process_id":"RepeatedTimerTestProc","name":"RepeatedTimerTestProc","executionlisteners":{"executionListeners":[]},"eventlisteners":{"eventListeners":[]},"signaldefinitions":[],"messagedefinitions":[],"process_namespace":"http://www.activiti.org/processdef"},"childShapes":[{"bounds":{"lowerRight":{"x":60.0,"y":125.1892183944153},"upperLeft":{"x":30.0,"y":95.1892183944153}},"resourceId":"start","childShapes":[],"stencil":{"id":"StartNoneEvent"},"properties":{"overrideid":"start","name":"start","executionlisteners":{"executionListeners":[]},"asynchronousdefinition":false,"exclusivedefinition":true},"outgoing":[{"resourceId":"sid-BB3FE0E2-6835-4E99-9AA9-465A20CF5726"}]},{"bounds":{"lowerRight":{"x":551.0,"y":207.5},"upperLeft":{"x":195.0,"y":22.5}},"resourceId":"sid-D0166B52-0AC1-48F6-A7B6-228D6657B499","childShapes":[{"bounds":{"lowerRight":{"x":46.75,"y":68.0},"upperLeft":{"x":16.75,"y":38.0}},"resourceId":"substart","childShapes":[],"stencil":{"id":"StartNoneEvent"},"properties":{"overrideid":"substart","name":"substart","executionlisteners":{"executionListeners":[]},"asynchronousdefinition":false,"exclusivedefinition":true},"outgoing":[{"resourceId":"sid-3539C21D-52A3-494F-8382-906115AD4914"}]},{"bounds":{"lowerRight":{"x":175.0,"y":87.5},"upperLeft":{"x":75.0,"y":7.5}},"resourceId":"task1","childShapes":[],"stencil":{"id":"UserTask"},"properties":{"overrideid":"task1","name":"task1","usertasksendemail":true,"usertaskassignment":{"assignment":{"type":"idm","idm":{"type":"initiator"}}},"executionlisteners":{"executionListeners":[]},"isforcompensation":false,"asynchronousdefinition":false,"exclusivedefinition":false,"tasklisteners":{"taskListeners":[]}},"outgoing":[{"resourceId":"sid-3CBEF869-A337-42A7-9F04-1EAF67C9106D"},{"resourceId":"innerTimer"}]},{"bounds":{"lowerRight":{"x":265.0,"y":73.0},"upperLeft":{"x":225.0,"y":33.0}},"resourceId":"parallelGW","childShapes":[],"stencil":{"id":"ParallelGateway"},"properties":{"overrideid":"parallelGW","name":"parallelGW","executionlisteners":{"executionListeners":[]},"asynchronousdefinition":false,"exclusivedefinition":true},"outgoing":[{"resourceId":"sid-4E573A99-591E-4AE9-9D72-584C5302CC5E"}]},{"bounds":{"lowerRight":{"x":333.75,"y":67.0},"upperLeft":{"x":305.75,"y":39.0}},"resourceId":"subend","childShapes":[],"stencil":{"id":"EndNoneEvent"},"properties":{"overrideid":"subend","name":"subend","executionlisteners":{"executionListeners":[]},"asynchronousdefinition":false,"exclusivedefinition":true},"outgoing":[]},{"bounds":{"lowerRight":{"x":280.0,"y":177.5},"upperLeft":{"x":180.0,"y":97.5}},"resourceId":"task2","childShapes":[],"stencil":{"id":"UserTask"},"properties":{"overrideid":"task2","name":"task2","usertasksendemail":true,"usertaskassignment":{"assignment":{"type":"idm","idm":{"type":"initiator"}}},"executionlisteners":{"executionListeners":[]},"isforcompensation":false,"asynchronousdefinition":false,"exclusivedefinition":false,"tasklisteners":{"taskListeners":[]}},"outgoing":[{"resourceId":"sid-E563B408-9BEF-4F37-8B63-82143EEC858A"}]},{"bounds":{"lowerRight":{"x":122.98898341386189,"y":103.1892183944153},"upperLeft":{"x":91.98898341386189,"y":72.1892183944153}},"resourceId":"innerTimer","childShapes":[],"stencil":{"id":"BoundaryTimerEvent"},"dockers":[{"x":16.988983413861888,"y":64.6892183944153}],"properties":{"overrideid":"innerTimer","name":"innerTimer","cancelactivity":false,"timercycledefinition":"R3/PT1D","executionlisteners":{"executionListeners":[]},"asynchronousdefinition":false,"exclusivedefinition":true},"outgoing":[{"resourceId":"sid-512CCD4B-B079-4930-817E-CC657C85524A"}]},{"bounds":{"lowerRight":{"x":172.0,"y":212.0},"upperLeft":{"x":128.0,"y":212.0}},"resourceId":"sid-3539C21D-52A3-494F-8382-906115AD4914","childShapes":[],"stencil":{"id":"SequenceFlow"},"dockers":[{"x":15.0,"y":15.0},{"x":50.0,"y":40.0}],"outgoing":[{"resourceId":"task1"}],"target":{"resourceId":"task1"},"properties":{"overrideid":"sid-3539C21D-52A3-494F-8382-906115AD4914","executionlisteners":{"executionListeners":[]}}},{"bounds":{"lowerRight":{"x":172.0,"y":212.0},"upperLeft":{"x":128.0,"y":212.0}},"resourceId":"sid-4E573A99-591E-4AE9-9D72-584C5302CC5E","childShapes":[],"stencil":{"id":"SequenceFlow"},"dockers":[{"x":20.0,"y":20.0},{"x":14.0,"y":14.0}],"outgoing":[{"resourceId":"subend"}],"target":{"resourceId":"subend"},"properties":{"overrideid":"sid-4E573A99-591E-4AE9-9D72-584C5302CC5E","executionlisteners":{"executionListeners":[]}}},{"bounds":{"lowerRight":{"x":172.0,"y":212.0},"upperLeft":{"x":128.0,"y":212.0}},"resourceId":"sid-512CCD4B-B079-4930-817E-CC657C85524A","childShapes":[],"stencil":{"id":"SequenceFlow"},"dockers":[{"x":15.5,"y":15.5},{"x":50.0,"y":40.0}],"outgoing":[{"resourceId":"task2"}],"target":{"resourceId":"task2"},"properties":{"overrideid":"sid-512CCD4B-B079-4930-817E-CC657C85524A","executionlisteners":{"executionListeners":[]}}},{"bounds":{"lowerRight":{"x":172.0,"y":212.0},"upperLeft":{"x":128.0,"y":212.0}},"resourceId":"sid-3CBEF869-A337-42A7-9F04-1EAF67C9106D","childShapes":[],"stencil":{"id":"SequenceFlow"},"dockers":[{"x":50.0,"y":40.0},{"x":20.0,"y":20.0}],"outgoing":[{"resourceId":"parallelGW"}],"target":{"resourceId":"parallelGW"},"properties":{"overrideid":"sid-3CBEF869-A337-42A7-9F04-1EAF67C9106D","executionlisteners":{"executionListeners":[]}}},{"bounds":{"lowerRight":{"x":172.0,"y":212.0},"upperLeft":{"x":128.0,"y":212.0}},"resourceId":"sid-E563B408-9BEF-4F37-8B63-82143EEC858A","childShapes":[],"stencil":{"id":"SequenceFlow"},"dockers":[{"x":50.0,"y":40.0},{"x":20.0,"y":20.0}],"outgoing":[{"resourceId":"parallelGW"}],"target":{"resourceId":"parallelGW"},"properties":{"overrideid":"sid-E563B408-9BEF-4F37-8B63-82143EEC858A","executionlisteners":{"executionListeners":[]}}}],"stencil":{"id":"SubProcess"},"properties":{"overrideid":"sid-D0166B52-0AC1-48F6-A7B6-228D6657B499","name":"subProcess","activitytype":"Sub-Process","subprocesstype":"Embedded","executionlisteners":{"executionListeners":[]},"isforcompensation":false,"asynchronousdefinition":false,"exclusivedefinition":true},"outgoing":[{"resourceId":"sid-9D49BCC4-A6CE-485E-98E9-0E4CD79CD8B9"}]},{"bounds":{"lowerRight":{"x":790.0,"y":155.0},"upperLeft":{"x":690.0,"y":75.0}},"resourceId":"task4","childShapes":[],"stencil":{"id":"UserTask"},"properties":{"overrideid":"task4","name":"task4","usertasksendemail":true,"usertaskassignment":{"assignment":{"type":"idm","idm":{"type":"initiator"}}},"executionlisteners":{"executionListeners":[]},"isforcompensation":false,"asynchronousdefinition":false,"exclusivedefinition":false,"tasklisteners":{"taskListeners":[]}},"outgoing":[{"resourceId":"sid-1127A992-5CA7-4397-99B8-3DBBC56C2198"}]},{"bounds":{"lowerRight":{"x":898.0,"y":103.5},"upperLeft":{"x":870.0,"y":75.5}},"resourceId":"end","childShapes":[],"stencil":{"id":"EndNoneEvent"},"properties":{"overrideid":"end","name":"end","executionlisteners":{"executionListeners":[]},"asynchronousdefinition":false,"exclusivedefinition":true},"outgoing":[]},{"bounds":{"lowerRight":{"x":172.0,"y":212.0},"upperLeft":{"x":128.0,"y":212.0}},"resourceId":"sid-9D49BCC4-A6CE-485E-98E9-0E4CD79CD8B9","childShapes":[],"stencil":{"id":"SequenceFlow"},"dockers":[{"x":178.0,"y":92.5},{"x":50.0,"y":40.0}],"outgoing":[{"resourceId":"task4"}],"target":{"resourceId":"task4"},"properties":{"overrideid":"sid-9D49BCC4-A6CE-485E-98E9-0E4CD79CD8B9","executionlisteners":{"executionListeners":[]}}},{"bounds":{"lowerRight":{"x":172.0,"y":212.0},"upperLeft":{"x":128.0,"y":212.0}},"resourceId":"sid-BB3FE0E2-6835-4E99-9AA9-465A20CF5726","childShapes":[],"stencil":{"id":"SequenceFlow"},"dockers":[{"x":15.0,"y":15.0},{"x":178.0,"y":92.5}],"outgoing":[{"resourceId":"sid-D0166B52-0AC1-48F6-A7B6-228D6657B499"}],"target":{"resourceId":"sid-D0166B52-0AC1-48F6-A7B6-228D6657B499"},"properties":{"overrideid":"sid-BB3FE0E2-6835-4E99-9AA9-465A20CF5726","executionlisteners":{"executionListeners":[]}}},{"bounds":{"lowerRight":{"x":172.0,"y":212.0},"upperLeft":{"x":128.0,"y":212.0}},"resourceId":"sid-1127A992-5CA7-4397-99B8-3DBBC56C2198","childShapes":[],"stencil":{"id":"SequenceFlow"},"dockers":[{"x":50.0,"y":40.0},{"x":14.0,"y":14.0}],"outgoing":[{"resourceId":"end"}],"target":{"resourceId":"end"},"properties":{"overrideid":"sid-1127A992-5CA7-4397-99B8-3DBBC56C2198","executionlisteners":{"executionListeners":[]}}}]}