<?xml version='1.0' encoding='UTF-8'?>
<definitions xmlns="http://www.omg.org/spec/BPMN/20100524/MODEL" xmlns:xsi="http://www.w3.org/2001/XMLSchema-instance" xmlns:xsd="http://www.w3.org/2001/XMLSchema" xmlns:activiti="http://activiti.org/bpmn" xmlns:bpmndi="http://www.omg.org/spec/BPMN/20100524/DI" xmlns:omgdc="http://www.omg.org/spec/DD/20100524/DC" xmlns:omgdi="http://www.omg.org/spec/DD/20100524/DI" typeLanguage="http://www.w3.org/2001/XMLSchema" expressionLanguage="http://www.w3.org/1999/XPath" targetNamespace="http://www.activiti.org/processdef" xmlns:modeler="http://activiti.com/modeler" modeler:version="1.0en" modeler:exportDateTime="20171121043144173" modeler:modelId="1027" modeler:modelVersion="4" modeler:modelLastUpdated="1511250628623">
  <process id="RepeatedTimerTestProc" name="RepeatedTimerTestProc" isExecutable="true">
    <startEvent id="start" name="start">
      <extensionElements>
        <modeler:editor-resource-id><![CDATA[start]]></modeler:editor-resource-id>
      </extensionElements>
    </startEvent>
    <subProcess id="sid-D0166B52-0AC1-48F6-A7B6-228D6657B499" name="subProcess">
      <extensionElements>
        <modeler:editor-resource-id><![CDATA[sid-D0166B52-0AC1-48F6-A7B6-228D6657B499]]></modeler:editor-resource-id>
      </extensionElements>
      <startEvent id="substart" name="substart">
        <extensionElements>
          <modeler:editor-resource-id><![CDATA[substart]]></modeler:editor-resource-id>
        </extensionElements>
      </startEvent>
      <userTask id="task1" name="task1" activiti:assignee="$INITIATOR">
        <extensionElements>
          <modeler:allow-send-email><![CDATA[true]]></modeler:allow-send-email>
          <modeler:activiti-idm-initiator><![CDATA[true]]></modeler:activiti-idm-initiator>
          <modeler:initiator-can-complete><![CDATA[false]]></modeler:initiator-can-complete>
          <modeler:editor-resource-id><![CDATA[task1]]></modeler:editor-resource-id>
        </extensionElements>
      </userTask>
      <parallelGateway id="parallelGW" name="parallelGW">
        <extensionElements>
          <modeler:editor-resource-id><![CDATA[parallelGW]]></modeler:editor-resource-id>
        </extensionElements>
      </parallelGateway>
      <endEvent id="subend" name="subend">
        <extensionElements>
          <modeler:editor-resource-id><![CDATA[subend]]></modeler:editor-resource-id>
        </extensionElements>
      </endEvent>
      <userTask id="task2" name="task2" activiti:assignee="$INITIATOR">
        <extensionElements>
          <modeler:allow-send-email><![CDATA[true]]></modeler:allow-send-email>
          <modeler:activiti-idm-initiator><![CDATA[true]]></modeler:activiti-idm-initiator>
          <modeler:initiator-can-complete><![CDATA[false]]></modeler:initiator-can-complete>
          <modeler:editor-resource-id><![CDATA[task2]]></modeler:editor-resource-id>
        </extensionElements>
      </userTask>
      <boundaryEvent id="innerTimer" name="innerTimer" attachedToRef="task1" cancelActivity="false">
        <extensionElements>
          <modeler:editor-resource-id><![CDATA[innerTimer]]></modeler:editor-resource-id>
        </extensionElements>
        <timerEventDefinition>
          <timeCycle>R3/PT1D</timeCycle>
        </timerEventDefinition>
      </boundaryEvent>
      <sequenceFlow id="sid-3539C21D-52A3-494F-8382-906115AD4914" sourceRef="substart" targetRef="task1">
        <extensionElements>
          <modeler:editor-resource-id><![CDATA[sid-3539C21D-52A3-494F-8382-906115AD4914]]></modeler:editor-resource-id>
        </extensionElements>
      </sequenceFlow>
      <sequenceFlow id="sid-4E573A99-591E-4AE9-9D72-584C5302CC5E" sourceRef="parallelGW" targetRef="subend">
        <extensionElements>
          <modeler:editor-resource-id><![CDATA[sid-4E573A99-591E-4AE9-9D72-584C5302CC5E]]></modeler:editor-resource-id>
        </extensionElements>
      </sequenceFlow>
      <sequenceFlow id="sid-512CCD4B-B079-4930-817E-CC657C85524A" sourceRef="innerTimer" targetRef="task2">
        <extensionElements>
          <modeler:editor-resource-id><![CDATA[sid-512CCD4B-B079-4930-817E-CC657C85524A]]></modeler:editor-resource-id>
        </extensionElements>
      </sequenceFlow>
      <sequenceFlow id="sid-3CBEF869-A337-42A7-9F04-1EAF67C9106D" sourceRef="task1" targetRef="parallelGW">
        <extensionElements>
          <modeler:editor-resource-id><![CDATA[sid-3CBEF869-A337-42A7-9F04-1EAF67C9106D]]></modeler:editor-resource-id>
        </extensionElements>
      </sequenceFlow>
      <sequenceFlow id="sid-E563B408-9BEF-4F37-8B63-82143EEC858A" sourceRef="task2" targetRef="parallelGW">
        <extensionElements>
          <modeler:editor-resource-id><![CDATA[sid-E563B408-9BEF-4F37-8B63-82143EEC858A]]></modeler:editor-resource-id>
        </extensionElements>
      </sequenceFlow>
    </subProcess>
    <userTask id="task4" name="task4" activiti:assignee="$INITIATOR">
      <extensionElements>
        <modeler:allow-send-email><![CDATA[true]]></modeler:allow-send-email>
        <modeler:activiti-idm-initiator><![CDATA[true]]></modeler:activiti-idm-initiator>
        <modeler:initiator-can-complete><![CDATA[false]]></modeler:initiator-can-complete>
        <modeler:editor-resource-id><![CDATA[task4]]></modeler:editor-resource-id>
      </extensionElements>
    </userTask>
    <endEvent id="end" name="end">
      <extensionElements>
        <modeler:editor-resource-id><![CDATA[end]]></modeler:editor-resource-id>
      </extensionElements>
    </endEvent>
    <sequenceFlow id="sid-9D49BCC4-A6CE-485E-98E9-0E4CD79CD8B9" sourceRef="sid-D0166B52-0AC1-48F6-A7B6-228D6657B499" targetRef="task4">
      <extensionElements>
        <modeler:editor-resource-id><![CDATA[sid-9D49BCC4-A6CE-485E-98E9-0E4CD79CD8B9]]></modeler:editor-resource-id>
      </extensionElements>
    </sequenceFlow>
    <sequenceFlow id="sid-BB3FE0E2-6835-4E99-9AA9-465A20CF5726" sourceRef="start" targetRef="sid-D0166B52-0AC1-48F6-A7B6-228D6657B499">
      <extensionElements>
        <modeler:editor-resource-id><![CDATA[sid-BB3FE0E2-6835-4E99-9AA9-465A20CF5726]]></modeler:editor-resource-id>
      </extensionElements>
    </sequenceFlow>
    <sequenceFlow id="sid-1127A992-5CA7-4397-99B8-3DBBC56C2198" sourceRef="task4" targetRef="end">
      <extensionElements>
        <modeler:editor-resource-id><![CDATA[sid-1127A992-5CA7-4397-99B8-3DBBC56C2198]]></modeler:editor-resource-id>
      </extensionElements>
    </sequenceFlow>
  </process>
  <bpmndi:BPMNDiagram id="BPMNDiagram_RepeatedTimerTestProc">
    <bpmndi:BPMNPlane bpmnElement="RepeatedTimerTestProc" id="BPMNPlane_RepeatedTimerTestProc">
      <bpmndi:BPMNShape bpmnElement="start" id="BPMNShape_start">
        <omgdc:Bounds height="30.0" width="30.0" x="30.0" y="95.1892183944153"/>
      </bpmndi:BPMNShape>
      <bpmndi:BPMNShape bpmnElement="sid-D0166B52-0AC1-48F6-A7B6-228D6657B499" id="BPMNShape_sid-D0166B52-0AC1-48F6-A7B6-228D6657B499">
        <omgdc:Bounds height="185.0" width="356.0" x="195.0" y="22.5"/>
      </bpmndi:BPMNShape>
      <bpmndi:BPMNShape bpmnElement="substart" id="BPMNShape_substart">
        <omgdc:Bounds height="30.0" width="30.0" x="211.75" y="60.5"/>
      </bpmndi:BPMNShape>
      <bpmndi:BPMNShape bpmnElement="task1" id="BPMNShape_task1">
        <omgdc:Bounds height="80.0" width="100.0" x="270.0" y="30.0"/>
      </bpmndi:BPMNShape>
      <bpmndi:BPMNShape bpmnElement="parallelGW" id="BPMNShape_parallelGW">
        <omgdc:Bounds height="40.0" width="40.0" x="420.0" y="55.5"/>
      </bpmndi:BPMNShape>
      <bpmndi:BPMNShape bpmnElement="subend" id="BPMNShape_subend">
        <omgdc:Bounds height="28.0" width="28.0" x="500.75" y="61.5"/>
      </bpmndi:BPMNShape>
      <bpmndi:BPMNShape bpmnElement="task2" id="BPMNShape_task2">
        <omgdc:Bounds height="80.0" width="100.0" x="375.0" y="120.0"/>
      </bpmndi:BPMNShape>
      <bpmndi:BPMNShape bpmnElement="innerTimer" id="BPMNShape_innerTimer">
        <omgdc:Bounds height="31.0" width="31.0" x="286.9889834138619" y="94.6892183944153"/>
      </bpmndi:BPMNShape>
      <bpmndi:BPMNShape bpmnElement="task4" id="BPMNShape_task4">
        <omgdc:Bounds height="80.0" width="100.0" x="690.0" y="75.0"/>
      </bpmndi:BPMNShape>
      <bpmndi:BPMNShape bpmnElement="end" id="BPMNShape_end">
        <omgdc:Bounds height="28.0" width="28.0" x="870.0" y="75.5"/>
      </bpmndi:BPMNShape>
      <bpmndi:BPMNEdge bpmnElement="sid-4E573A99-591E-4AE9-9D72-584C5302CC5E" id="BPMNEdge_sid-4E573A99-591E-4AE9-9D72-584C5302CC5E">
        <omgdi:waypoint x="460.0" y="75.5"/>
        <omgdi:waypoint x="500.75" y="75.5"/>
      </bpmndi:BPMNEdge>
      <bpmndi:BPMNEdge bpmnElement="sid-512CCD4B-B079-4930-817E-CC657C85524A" id="BPMNEdge_sid-512CCD4B-B079-4930-817E-CC657C85524A">
        <omgdi:waypoint x="316.84755219909255" y="116.02715488257613"/>
        <omgdi:waypoint x="375.0" y="139.67089695539238"/>
      </bpmndi:BPMNEdge>
      <bpmndi:BPMNEdge bpmnElement="sid-3539C21D-52A3-494F-8382-906115AD4914" id="BPMNEdge_sid-3539C21D-52A3-494F-8382-906115AD4914">
        <omgdi:waypoint x="241.72397698266758" y="74.61681637099547"/>
        <omgdi:waypoint x="270.0" y="72.9490616621984"/>
      </bpmndi:BPMNEdge>
      <bpmndi:BPMNEdge bpmnElement="sid-1127A992-5CA7-4397-99B8-3DBBC56C2198" id="BPMNEdge_sid-1127A992-5CA7-4397-99B8-3DBBC56C2198">
        <omgdi:waypoint x="790.0" y="106.14583333333334"/>
        <omgdi:waypoint x="870.2144782396474" y="91.94118614506243"/>
      </bpmndi:BPMNEdge>
      <bpmndi:BPMNEdge bpmnElement="sid-3CBEF869-A337-42A7-9F04-1EAF67C9106D" id="BPMNEdge_sid-3CBEF869-A337-42A7-9F04-1EAF67C9106D">
        <omgdi:waypoint x="370.0" y="72.29166666666667"/>
        <omgdi:waypoint x="420.8764940239044" y="74.62350597609561"/>
      </bpmndi:BPMNEdge>
      <bpmndi:BPMNEdge bpmnElement="sid-BB3FE0E2-6835-4E99-9AA9-465A20CF5726" id="BPMNEdge_sid-BB3FE0E2-6835-4E99-9AA9-465A20CF5726">
        <omgdi:waypoint x="59.998386849835235" y="110.40919999066723"/>
        <omgdi:waypoint x="195.0" y="112.38927095794489"/>
      </bpmndi:BPMNEdge>
      <bpmndi:BPMNEdge bpmnElement="sid-E563B408-9BEF-4F37-8B63-82143EEC858A" id="BPMNEdge_sid-E563B408-9BEF-4F37-8B63-82143EEC858A">
        <omgdi:waypoint x="432.10059171597635" y="120.0"/>
        <omgdi:waypoint x="436.9849246231156" y="92.48492462311557"/>
      </bpmndi:BPMNEdge>
      <bpmndi:BPMNEdge bpmnElement="sid-9D49BCC4-A6CE-485E-98E9-0E4CD79CD8B9" id="BPMNEdge_sid-9D49BCC4-A6CE-485E-98E9-0E4CD79CD8B9">
        <omgdi:waypoint x="551.0" y="115.0"/>
        <omgdi:waypoint x="690.0" y="115.0"/>
      </bpmndi:BPMNEdge>
    </bpmndi:BPMNPlane>
  </bpmndi:BPMNDiagram>
</definitions>