<?xml version='1.0' encoding='UTF-8'?>
<definitions xmlns="http://www.omg.org/spec/BPMN/20100524/MODEL" xmlns:xsi="http://www.w3.org/2001/XMLSchema-instance" xmlns:xsd="http://www.w3.org/2001/XMLSchema" xmlns:activiti="http://activiti.org/bpmn" xmlns:bpmndi="http://www.omg.org/spec/BPMN/20100524/DI" xmlns:omgdc="http://www.omg.org/spec/DD/20100524/DC" xmlns:omgdi="http://www.omg.org/spec/DD/20100524/DI" typeLanguage="http://www.w3.org/2001/XMLSchema" expressionLanguage="http://www.w3.org/1999/XPath" targetNamespace="http://www.activiti.org/processdef" xmlns:modeler="http://activiti.com/modeler" modeler:version="1.0en" modeler:exportDateTime="20171122131538400" modeler:modelId="27099" modeler:modelVersion="4" modeler:modelLastUpdated="1509958045168">
  <process id="testprocess" name="testprocess" isExecutable="true">
    <startEvent id="startEvent1">
      <extensionElements>
        <modeler:editor-resource-id><![CDATA[startEvent1]]></modeler:editor-resource-id>
      </extensionElements>
    </startEvent>
    <userTask id="sid-DC0BA43C-2555-48BA-8253-48C14EE0E3CF" activiti:assignee="$INITIATOR">
      <extensionElements>
        <modeler:allow-send-email><![CDATA[true]]></modeler:allow-send-email>
        <modeler:activiti-idm-initiator><![CDATA[true]]></modeler:activiti-idm-initiator>
        <modeler:editor-resource-id><![CDATA[sid-DC0BA43C-2555-48BA-8253-48C14EE0E3CF]]></modeler:editor-resource-id>
      </extensionElements>
    </userTask>
    <sequenceFlow id="sid-57DE470B-9AB6-43E6-BE34-DCCC37A0F512" sourceRef="startEvent1" targetRef="sid-DC0BA43C-2555-48BA-8253-48C14EE0E3CF">
      <extensionElements>
        <modeler:editor-resource-id><![CDATA[sid-57DE470B-9AB6-43E6-BE34-DCCC37A0F512]]></modeler:editor-resource-id>
      </extensionElements>
    </sequenceFlow>
    <endEvent id="sid-ED93D418-0ECD-46D8-867D-47E6D46B24FA">
      <extensionElements>
        <modeler:editor-resource-id><![CDATA[sid-ED93D418-0ECD-46D8-867D-47E6D46B24FA]]></modeler:editor-resource-id>
      </extensionElements>
    </endEvent>
    <sequenceFlow id="sid-3084E74E-86CF-4B29-83BE-C7EF4497093B" sourceRef="sid-DC0BA43C-2555-48BA-8253-48C14EE0E3CF" targetRef="sid-ED93D418-0ECD-46D8-867D-47E6D46B24FA">
      <extensionElements>
        <modeler:editor-resource-id><![CDATA[sid-3084E74E-86CF-4B29-83BE-C7EF4497093B]]></modeler:editor-resource-id>
      </extensionElements>
    </sequenceFlow>
  </process>
  <bpmndi:BPMNDiagram id="BPMNDiagram_testprocess">
    <bpmndi:BPMNPlane bpmnElement="testprocess" id="BPMNPlane_testprocess">
      <bpmndi:BPMNShape bpmnElement="startEvent1" id="BPMNShape_startEvent1">
        <omgdc:Bounds height="30.0" width="30.0" x="100.0" y="163.0"/>
      </bpmndi:BPMNShape>
      <bpmndi:BPMNShape bpmnElement="sid-DC0BA43C-2555-48BA-8253-48C14EE0E3CF" id="BPMNShape_sid-DC0BA43C-2555-48BA-8253-48C14EE0E3CF">
        <omgdc:Bounds height="80.0" width="100.0" x="175.0" y="138.0"/>
      </bpmndi:BPMNShape>
      <bpmndi:BPMNShape bpmnElement="sid-ED93D418-0ECD-46D8-867D-47E6D46B24FA" id="BPMNShape_sid-ED93D418-0ECD-46D8-867D-47E6D46B24FA">
        <omgdc:Bounds height="28.0" width="28.0" x="320.0" y="164.0"/>
      </bpmndi:BPMNShape>
      <bpmndi:BPMNEdge bpmnElement="sid-57DE470B-9AB6-43E6-BE34-DCCC37A0F512" id="BPMNEdge_sid-57DE470B-9AB6-43E6-BE34-DCCC37A0F512">
        <omgdi:waypoint x="130.0" y="178.0"/>
        <omgdi:waypoint x="175.0" y="178.0"/>
      </bpmndi:BPMNEdge>
      <bpmndi:BPMNEdge bpmnElement="sid-3084E74E-86CF-4B29-83BE-C7EF4497093B" id="BPMNEdge_sid-3084E74E-86CF-4B29-83BE-C7EF4497093B">
        <omgdi:waypoint x="275.0" y="178.0"/>
        <omgdi:waypoint x="320.0" y="178.0"/>
      </bpmndi:BPMNEdge>
    </bpmndi:BPMNPlane>
  </bpmndi:BPMNDiagram>
</definitions>