{"name":"testapp3","description":"","definition":{"models":[{"id":28035,"name":"testprocess2","version":8,"modelType":0,"description":"","stencilSetId":0,"createdByFullName":"surya vamsi","createdBy":2002,"lastUpdatedByFullName":"surya vamsi","lastUpdatedBy":2002,"lastUpdated":"2017-11-03T07:27:18.657+0000"},{"id":27099,"name":"testprocess","version":4,"modelType":0,"description":"","stencilSetId":0,"createdByFullName":"surya vamsi","createdBy":2002,"lastUpdatedByFullName":"surya vamsi","lastUpdatedBy":2002,"lastUpdated":"2017-11-03T07:27:18.689+0000"}],"theme":"theme-1","icon":"glyphicon-asterisk","publishIdentityInfo":[]}}