{"name":"testapp3","description":"","definition":{"models":[{"id":28035,"name":"testprocess2","version":7,"modelType":0,"description":"","stencilSetId":0,"createdByFullName":"surya vamsi","createdBy":2002,"lastUpdatedByFullName":"surya vamsi","lastUpdatedBy":2002,"lastUpdated":"2017-10-31T12:12:03.125+0000"},{"id":27099,"name":"testprocess","version":3,"modelType":0,"description":"","stencilSetId":0,"createdByFullName":"surya vamsi","createdBy":2002,"lastUpdatedByFullName":"surya vamsi","lastUpdatedBy":2002,"lastUpdated":"2017-10-31T12:12:03.140+0000"}],"theme":"theme-1","icon":"glyphicon-asterisk","publishIdentityInfo":[]}}