<?xml version='1.0' encoding='UTF-8'?>
<definitions xmlns="http://www.omg.org/spec/BPMN/20100524/MODEL" xmlns:xsi="http://www.w3.org/2001/XMLSchema-instance" xmlns:xsd="http://www.w3.org/2001/XMLSchema" xmlns:activiti="http://activiti.org/bpmn" xmlns:bpmndi="http://www.omg.org/spec/BPMN/20100524/DI" xmlns:omgdc="http://www.omg.org/spec/DD/20100524/DC" xmlns:omgdi="http://www.omg.org/spec/DD/20100524/DI" typeLanguage="http://www.w3.org/2001/XMLSchema" expressionLanguage="http://www.w3.org/1999/XPath" targetNamespace="http://www.activiti.org/processdef" xmlns:modeler="http://activiti.com/modeler" modeler:version="1.0en" modeler:exportDateTime="20171116120334226" modeler:modelId="31034" modeler:modelVersion="3" modeler:modelLastUpdated="1510553307645">
  <process id="simpletestprocess12" name="simpletestprocess12" isExecutable="true">
    <startEvent id="startEvent1">
      <extensionElements>
        <modeler:editor-resource-id><![CDATA[startEvent1]]></modeler:editor-resource-id>
      </extensionElements>
    </startEvent>
    <userTask id="sid-94205A19-3176-451C-833F-C8F5E563691D" activiti:assignee="$INITIATOR" activiti:formKey="31033">
      <extensionElements>
        <modeler:allow-send-email><![CDATA[true]]></modeler:allow-send-email>
        <modeler:form-reference-id><![CDATA[31033]]></modeler:form-reference-id>
        <modeler:form-reference-name><![CDATA[simpletestform12]]></modeler:form-reference-name>
        <modeler:activiti-idm-initiator><![CDATA[true]]></modeler:activiti-idm-initiator>
        <modeler:editor-resource-id><![CDATA[sid-94205A19-3176-451C-833F-C8F5E563691D]]></modeler:editor-resource-id>
      </extensionElements>
    </userTask>
    <sequenceFlow id="sid-4283AB07-5B7A-4F2F-A6A4-47989C68E59B" sourceRef="startEvent1" targetRef="sid-94205A19-3176-451C-833F-C8F5E563691D">
      <extensionElements>
        <modeler:editor-resource-id><![CDATA[sid-4283AB07-5B7A-4F2F-A6A4-47989C68E59B]]></modeler:editor-resource-id>
      </extensionElements>
    </sequenceFlow>
    <endEvent id="sid-8CE28FDB-4E9B-4EC5-AE87-AF01A0F0591D">
      <extensionElements>
        <modeler:editor-resource-id><![CDATA[sid-8CE28FDB-4E9B-4EC5-AE87-AF01A0F0591D]]></modeler:editor-resource-id>
      </extensionElements>
    </endEvent>
    <sequenceFlow id="sid-BE3702D6-91B1-48B4-B54C-C96ACD727A88" sourceRef="sid-94205A19-3176-451C-833F-C8F5E563691D" targetRef="sid-8CE28FDB-4E9B-4EC5-AE87-AF01A0F0591D">
      <extensionElements>
        <modeler:editor-resource-id><![CDATA[sid-BE3702D6-91B1-48B4-B54C-C96ACD727A88]]></modeler:editor-resource-id>
      </extensionElements>
    </sequenceFlow>
  </process>
  <bpmndi:BPMNDiagram id="BPMNDiagram_simpletestprocess12">
    <bpmndi:BPMNPlane bpmnElement="simpletestprocess12" id="BPMNPlane_simpletestprocess12">
      <bpmndi:BPMNShape bpmnElement="startEvent1" id="BPMNShape_startEvent1">
        <omgdc:Bounds height="30.0" width="30.0" x="100.0" y="163.0"/>
      </bpmndi:BPMNShape>
      <bpmndi:BPMNShape bpmnElement="sid-94205A19-3176-451C-833F-C8F5E563691D" id="BPMNShape_sid-94205A19-3176-451C-833F-C8F5E563691D">
        <omgdc:Bounds height="80.0" width="99.99999999999997" x="165.00000000000003" y="135.00000000000003"/>
      </bpmndi:BPMNShape>
      <bpmndi:BPMNShape bpmnElement="sid-8CE28FDB-4E9B-4EC5-AE87-AF01A0F0591D" id="BPMNShape_sid-8CE28FDB-4E9B-4EC5-AE87-AF01A0F0591D">
        <omgdc:Bounds height="28.0" width="28.0" x="320.0" y="164.0"/>
      </bpmndi:BPMNShape>
      <bpmndi:BPMNEdge bpmnElement="sid-BE3702D6-91B1-48B4-B54C-C96ACD727A88" id="BPMNEdge_sid-BE3702D6-91B1-48B4-B54C-C96ACD727A88">
        <omgdi:waypoint x="265.0" y="175.00000000000003"/>
        <omgdi:waypoint x="292.5" y="175.00000000000003"/>
        <omgdi:waypoint x="292.5" y="178.0"/>
        <omgdi:waypoint x="320.0" y="178.0"/>
      </bpmndi:BPMNEdge>
      <bpmndi:BPMNEdge bpmnElement="sid-4283AB07-5B7A-4F2F-A6A4-47989C68E59B" id="BPMNEdge_sid-4283AB07-5B7A-4F2F-A6A4-47989C68E59B">
        <omgdi:waypoint x="129.9932545528355" y="177.55020236341494"/>
        <omgdi:waypoint x="165.00000000000003" y="176.5"/>
      </bpmndi:BPMNEdge>
    </bpmndi:BPMNPlane>
  </bpmndi:BPMNDiagram>
</definitions>