{"resourceId":31034,"properties":{"process_id":"simpletestprocess12","name":"simpletestprocess12","documentation":"","process_author":"","process_version":"","process_namespace":"http://www.activiti.org/processdef","executionlisteners":"","eventlisteners":"","signaldefinitions":"","messagedefinitions":"","executionvariables":"","metadata":""},"stencil":{"id":"BPMNDiagram"},"childShapes":[{"resourceId":"startEvent1","properties":{"overrideid":"","name":"","documentation":"","executionlisteners":"","initiator":"","formkeydefinition":"","formreference":"","fieldstovariables":"","formproperties":""},"stencil":{"id":"StartNoneEvent"},"childShapes":[],"outgoing":[{"resourceId":"sid-4283AB07-5B7A-4F2F-A6A4-47989C68E59B"}],"bounds":{"lowerRight":{"x":130,"y":193},"upperLeft":{"x":100,"y":163}},"dockers":[]},{"resourceId":"sid-94205A19-3176-451C-833F-C8F5E563691D","properties":{"overrideid":"","name":"","documentation":"","asynchronousdefinition":"false","exclusivedefinition":"false","executionlisteners":"","multiinstance_type":"None","multiinstance_cardinality":"","multiinstance_collection":"","multiinstance_variable":"","multiinstance_condition":"","isforcompensation":"false","usertasksendemail":true,"usertaskassignment":"","formkeydefinition":"","formreference":{"id":31033,"name":"simpletestform12","referenceId":null,"variablesmapping":[]},"fieldstovariables":"","duedatedefinition":"","prioritydefinition":"","categorydefinition":"","formproperties":"","tasklisteners":"","emailtemplate":""},"stencil":{"id":"UserTask"},"childShapes":[],"outgoing":[{"resourceId":"sid-BE3702D6-91B1-48B4-B54C-C96ACD727A88"}],"bounds":{"lowerRight":{"x":265,"y":215.00000000000003},"upperLeft":{"x":165.00000000000003,"y":135.00000000000003}},"dockers":[]},{"resourceId":"sid-4283AB07-5B7A-4F2F-A6A4-47989C68E59B","properties":{"overrideid":"","name":"","documentation":"","conditionsequenceflow":"","executionlisteners":"","defaultflow":"false"},"stencil":{"id":"SequenceFlow"},"childShapes":[],"outgoing":[{"resourceId":"sid-94205A19-3176-451C-833F-C8F5E563691D"}],"bounds":{"lowerRight":{"x":164.78169969647763,"y":177.54813849089433},"upperLeft":{"x":130.06205030352237,"y":176.50654900910567}},"dockers":[{"x":15,"y":15},{"x":49.999999999999986,"y":40}],"target":{"resourceId":"sid-94205A19-3176-451C-833F-C8F5E563691D"}},{"resourceId":"sid-8CE28FDB-4E9B-4EC5-AE87-AF01A0F0591D","properties":{"overrideid":"","name":"","documentation":"","executionlisteners":""},"stencil":{"id":"EndNoneEvent"},"childShapes":[],"outgoing":[],"bounds":{"lowerRight":{"x":348,"y":192},"upperLeft":{"x":320,"y":164}},"dockers":[]},{"resourceId":"sid-BE3702D6-91B1-48B4-B54C-C96ACD727A88","properties":{"overrideid":"","name":"","documentation":"","conditionsequenceflow":"","executionlisteners":"","defaultflow":"false"},"stencil":{"id":"SequenceFlow"},"childShapes":[],"outgoing":[{"resourceId":"sid-8CE28FDB-4E9B-4EC5-AE87-AF01A0F0591D"}],"bounds":{"lowerRight":{"x":319.3828125,"y":178},"upperLeft":{"x":265.6484375,"y":175.00000000000003}},"dockers":[{"x":49.999999999999986,"y":40},{"x":292.5,"y":175.00000000000003},{"x":292.5,"y":178},{"x":14,"y":14}],"target":{"resourceId":"sid-8CE28FDB-4E9B-4EC5-AE87-AF01A0F0591D"}}],"bounds":{"lowerRight":{"x":1200,"y":1050},"upperLeft":{"x":0,"y":0}},"stencilset":{"url":"stencilsets/bpmn2.0/bpmn2.0.json","namespace":"http://b3mn.org/stencilset/bpmn2.0#"},"ssextensions":[]}