{"resourceId":28058,"properties":{"process_id":"ConnectionRequest","name":"ConnectionRequest","documentation":"","process_author":"","process_version":"","process_namespace":"http://www.activiti.org/processdef","executionlisteners":"","eventlisteners":"","signaldefinitions":"","messagedefinitions":"","executionvariables":"","metadata":""},"stencil":{"id":"BPMNDiagram"},"childShapes":[{"resourceId":"startEvent1","properties":{"overrideid":"","name":"","documentation":"","executionlisteners":"","initiator":"","formkeydefinition":"","formreference":{"id":28060,"name":"FillApplicationForm","referenceId":28058},"fieldstovariables":"","formproperties":""},"stencil":{"id":"StartNoneEvent"},"childShapes":[],"outgoing":[{"resourceId":"sid-4F4125D3-8C93-425F-9B8F-4B84C6504856"}],"bounds":{"lowerRight":{"x":105,"y":225},"upperLeft":{"x":75,"y":195}},"dockers":[]},{"resourceId":"sid-0ACD9F08-DAB7-451E-A33B-90A59DABD7DE","properties":{"overrideid":"","name":"","documentation":"","asynchronousdefinition":"false","exclusivedefinition":"false","sequencefloworder":""},"stencil":{"id":"ParallelGateway"},"childShapes":[],"outgoing":[{"resourceId":"sid-CB16F65E-567A-4A5C-8A64-CFABC9903AA8"},{"resourceId":"sid-EA315105-635E-4492-AA95-D02053D31D30"}],"bounds":{"lowerRight":{"x":242.5,"y":233},"upperLeft":{"x":202.5,"y":193}},"dockers":[]},{"resourceId":"sid-4F4125D3-8C93-425F-9B8F-4B84C6504856","properties":{"overrideid":"","name":"","documentation":"","conditionsequenceflow":"","executionlisteners":"","defaultflow":"false"},"stencil":{"id":"SequenceFlow"},"childShapes":[],"outgoing":[{"resourceId":"sid-0ACD9F08-DAB7-451E-A33B-90A59DABD7DE"}],"bounds":{"lowerRight":{"x":202.1640625,"y":213},"upperLeft":{"x":105.94140625,"y":210}},"dockers":[{"x":15,"y":15},{"x":153.75,"y":210},{"x":153.75,"y":213},{"x":20,"y":20}],"target":{"resourceId":"sid-0ACD9F08-DAB7-451E-A33B-90A59DABD7DE"}},{"resourceId":"sid-381510BF-C3FD-43B4-A5D2-0BCD1007E611","properties":{"overrideid":"","name":"Verify KYC","documentation":"","asynchronousdefinition":"false","exclusivedefinition":"false","executionlisteners":"","multiinstance_type":"None","multiinstance_cardinality":"","multiinstance_collection":"","multiinstance_variable":"","multiinstance_condition":"","isforcompensation":"false","usertasksendemail":true,"usertaskassignment":"","formkeydefinition":"","formreference":{"id":28061,"name":"Verify KYC","referenceId":28058,"variablesmapping":[]},"fieldstovariables":"","duedatedefinition":"","prioritydefinition":"","categorydefinition":"","formproperties":"","tasklisteners":"","emailtemplate":""},"stencil":{"id":"UserTask"},"childShapes":[],"outgoing":[{"resourceId":"sid-384080B7-2754-4C44-BBD2-8C803B4B7853"}],"bounds":{"lowerRight":{"x":370,"y":170},"upperLeft":{"x":270,"y":90}},"dockers":[]},{"resourceId":"sid-CB16F65E-567A-4A5C-8A64-CFABC9903AA8","properties":{"overrideid":"","name":"","documentation":"","conditionsequenceflow":"","executionlisteners":"","defaultflow":"false"},"stencil":{"id":"SequenceFlow"},"childShapes":[],"outgoing":[{"resourceId":"sid-381510BF-C3FD-43B4-A5D2-0BCD1007E611"}],"bounds":{"lowerRight":{"x":269.7421875,"y":192.9296875},"upperLeft":{"x":223,"y":130}},"dockers":[{"x":20.5,"y":20.5},{"x":223,"y":130},{"x":50,"y":40}],"target":{"resourceId":"sid-381510BF-C3FD-43B4-A5D2-0BCD1007E611"}},{"resourceId":"sid-1190BF56-B3DE-42D4-91AC-0809CF476CF3","properties":{"overrideid":"","name":"Check if connection already exists","documentation":"","asynchronousdefinition":"false","exclusivedefinition":"false","executionlisteners":"","multiinstance_type":"None","multiinstance_cardinality":"","multiinstance_collection":"","multiinstance_variable":"","multiinstance_condition":"","isforcompensation":"false","usertasksendemail":true,"usertaskassignment":"","formkeydefinition":"","formreference":{"id":28062,"name":"Check Connection Request","referenceId":28058,"variablesmapping":[]},"fieldstovariables":"","duedatedefinition":"","prioritydefinition":"","categorydefinition":"","formproperties":"","tasklisteners":"","emailtemplate":""},"stencil":{"id":"UserTask"},"childShapes":[],"outgoing":[{"resourceId":"sid-FB132B03-FE5D-42F0-BA20-B027568517D4"}],"bounds":{"lowerRight":{"x":370,"y":335},"upperLeft":{"x":270,"y":255}},"dockers":[]},{"resourceId":"sid-EA315105-635E-4492-AA95-D02053D31D30","properties":{"overrideid":"","name":"","documentation":"","conditionsequenceflow":"","executionlisteners":"","defaultflow":"false"},"stencil":{"id":"SequenceFlow"},"childShapes":[],"outgoing":[{"resourceId":"sid-1190BF56-B3DE-42D4-91AC-0809CF476CF3"}],"bounds":{"lowerRight":{"x":269.7421875,"y":295},"upperLeft":{"x":223,"y":233.6015625}},"dockers":[{"x":20.5,"y":20.5},{"x":223,"y":295},{"x":50,"y":40}],"target":{"resourceId":"sid-1190BF56-B3DE-42D4-91AC-0809CF476CF3"}},{"resourceId":"sid-FCC48E3A-D736-451C-89A1-6D8CBE9F65CA","properties":{"overrideid":"","name":"","documentation":"","asynchronousdefinition":"false","exclusivedefinition":"false","sequencefloworder":""},"stencil":{"id":"ParallelGateway"},"childShapes":[],"outgoing":[{"resourceId":"sid-C2354D75-66BD-4B84-B2C3-7D7E5684650D"}],"bounds":{"lowerRight":{"x":445,"y":245},"upperLeft":{"x":405,"y":205}},"dockers":[]},{"resourceId":"sid-384080B7-2754-4C44-BBD2-8C803B4B7853","properties":{"overrideid":"","name":"","documentation":"","conditionsequenceflow":"","executionlisteners":"","defaultflow":"false"},"stencil":{"id":"SequenceFlow"},"childShapes":[],"outgoing":[{"resourceId":"sid-FCC48E3A-D736-451C-89A1-6D8CBE9F65CA"}],"bounds":{"lowerRight":{"x":425,"y":204.703125},"upperLeft":{"x":370.21875,"y":130}},"dockers":[{"x":50,"y":40},{"x":425,"y":130},{"x":20,"y":20}],"target":{"resourceId":"sid-FCC48E3A-D736-451C-89A1-6D8CBE9F65CA"}},{"resourceId":"sid-FB132B03-FE5D-42F0-BA20-B027568517D4","properties":{"overrideid":"","name":"","documentation":"","conditionsequenceflow":"","executionlisteners":"","defaultflow":"false"},"stencil":{"id":"SequenceFlow"},"childShapes":[],"outgoing":[{"resourceId":"sid-FCC48E3A-D736-451C-89A1-6D8CBE9F65CA"}],"bounds":{"lowerRight":{"x":425,"y":295},"upperLeft":{"x":370.21875,"y":244.59375}},"dockers":[{"x":50,"y":40},{"x":425,"y":295},{"x":20,"y":20}],"target":{"resourceId":"sid-FCC48E3A-D736-451C-89A1-6D8CBE9F65CA"}},{"resourceId":"sid-E6A55667-DD7D-4D0E-9CAD-E1968507D23A","properties":{"overrideid":"","name":"Review and approve new connection","documentation":"","asynchronousdefinition":"false","exclusivedefinition":"false","executionlisteners":"","multiinstance_type":"None","multiinstance_cardinality":"","multiinstance_collection":"","multiinstance_variable":"","multiinstance_condition":"","isforcompensation":"false","usertasksendemail":true,"usertaskassignment":"","formkeydefinition":"","formreference":{"id":28063,"name":"Review And Approve","referenceId":28058},"fieldstovariables":"","duedatedefinition":"","prioritydefinition":"","categorydefinition":"","formproperties":"","tasklisteners":"","emailtemplate":""},"stencil":{"id":"UserTask"},"childShapes":[],"outgoing":[{"resourceId":"sid-EC6BC0DB-C7EF-43C8-A271-B5BF27C03BA0"}],"bounds":{"lowerRight":{"x":595,"y":265},"upperLeft":{"x":495,"y":185}},"dockers":[]},{"resourceId":"sid-C2354D75-66BD-4B84-B2C3-7D7E5684650D","properties":{"overrideid":"","name":"","documentation":"","conditionsequenceflow":"","executionlisteners":"","defaultflow":"false"},"stencil":{"id":"SequenceFlow"},"childShapes":[],"outgoing":[{"resourceId":"sid-E6A55667-DD7D-4D0E-9CAD-E1968507D23A"}],"bounds":{"lowerRight":{"x":494.5195400032332,"y":225.417690936206},"upperLeft":{"x":445.1718662467668,"y":225.211215313794}},"dockers":[{"x":20.5,"y":20.5},{"x":50,"y":40}],"target":{"resourceId":"sid-E6A55667-DD7D-4D0E-9CAD-E1968507D23A"}},{"resourceId":"sid-C8499EB8-BEA5-474F-8EAA-569636B9A146","properties":{"overrideid":"","name":"","documentation":"","asynchronousdefinition":"false","exclusivedefinition":"false","sequencefloworder":""},"stencil":{"id":"ExclusiveGateway"},"childShapes":[],"outgoing":[{"resourceId":"sid-FA6CC853-AAEA-400C-9C4A-3728E0D02BD5"},{"resourceId":"sid-6BA5A6E2-A738-4BEB-98B9-2C4C6A4382B4"}],"bounds":{"lowerRight":{"x":700,"y":245},"upperLeft":{"x":660,"y":205}},"dockers":[]},{"resourceId":"sid-EC6BC0DB-C7EF-43C8-A271-B5BF27C03BA0","properties":{"overrideid":"","name":"","documentation":"","conditionsequenceflow":"","executionlisteners":"","defaultflow":"false"},"stencil":{"id":"SequenceFlow"},"childShapes":[],"outgoing":[{"resourceId":"sid-C8499EB8-BEA5-474F-8EAA-569636B9A146"}],"bounds":{"lowerRight":{"x":660.015625,"y":225},"upperLeft":{"x":595.5703125,"y":225}},"dockers":[{"x":50,"y":40},{"x":20,"y":20}],"target":{"resourceId":"sid-C8499EB8-BEA5-474F-8EAA-569636B9A146"}},{"resourceId":"sid-60199D12-9DB6-430A-B138-05B76969BC46","properties":{"overrideid":"","name":"Setup and Install Connection","documentation":"","asynchronousdefinition":"false","exclusivedefinition":"false","executionlisteners":"","multiinstance_type":"None","multiinstance_cardinality":"","multiinstance_collection":"","multiinstance_variable":"","multiinstance_condition":"","isforcompensation":"false","usertasksendemail":true,"usertaskassignment":"","formkeydefinition":"","formreference":{"id":28064,"name":"New Connection","referenceId":28058},"fieldstovariables":"","duedatedefinition":"","prioritydefinition":"","categorydefinition":"","formproperties":"","tasklisteners":"","emailtemplate":""},"stencil":{"id":"UserTask"},"childShapes":[],"outgoing":[{"resourceId":"sid-100105ED-2845-4A73-9819-5A7206F32AF2"}],"bounds":{"lowerRight":{"x":850,"y":75},"upperLeft":{"x":750,"y":-5}},"dockers":[]},{"resourceId":"sid-A7A32A5B-1A2B-40EA-B5D3-F43D95239DBB","properties":{"overrideid":"","name":"","documentation":"","executionlisteners":""},"stencil":{"id":"EndNoneEvent"},"childShapes":[],"outgoing":[],"bounds":{"lowerRight":{"x":934.1210967740001,"y":239},"upperLeft":{"x":906.1210967740001,"y":211}},"dockers":[]},{"resourceId":"sid-100105ED-2845-4A73-9819-5A7206F32AF2","properties":{"overrideid":"","name":"","documentation":"","conditionsequenceflow":"","executionlisteners":"","defaultflow":"false","showdiamondmarker":false},"stencil":{"id":"SequenceFlow"},"childShapes":[],"outgoing":[{"resourceId":"sid-96321385-3C3C-4C9B-B6C7-FA68B3994138"}],"bounds":{"lowerRight":{"x":920.121096774,"y":74.47144265108498},"upperLeft":{"x":850.7376416329844,"y":35}},"dockers":[{"x":50,"y":40},{"x":920.121096774,"y":35},{"x":50.121096773999966,"y":9.811006339796904}],"target":{"resourceId":"sid-96321385-3C3C-4C9B-B6C7-FA68B3994138"}},{"resourceId":"sid-96321385-3C3C-4C9B-B6C7-FA68B3994138","properties":{"overrideid":"","name":"Publish Upload Document To Alfresco","documentation":"","alfresco_cloud_content":{"source":"process","metaDataColumnDefinitions":[],"documentAspects":[{"aspectName":"cm:titled"}],"documentType":"cmis:document"},"alfresco_cloud_destination":{"account":"alfresco-2002-AlfrescoOneSevenOne","site":"rm","path":"06981be5-c473-4b77-ac2a-a5f9ce8ed415","path_title":"documentLibrary > NPCRecordManagement","site_title":"Records Management","publish_as_type":"process_initiator","folder":"applicantname"}},"stencil":{"id":"PublishToAlfrescoCloudTask"},"childShapes":[],"outgoing":[{"resourceId":"sid-425C53CB-FF27-470F-ABA5-372042571E04"}],"bounds":{"lowerRight":{"x":970.242193548,"y":155.167483871},"upperLeft":{"x":870,"y":75}},"dockers":[]},{"resourceId":"sid-425C53CB-FF27-470F-ABA5-372042571E04","properties":{"overrideid":"","name":"","documentation":"","conditionsequenceflow":"","executionlisteners":"","defaultflow":"false","showdiamondmarker":false},"stencil":{"id":"SequenceFlow"},"childShapes":[],"outgoing":[{"resourceId":"sid-A7A32A5B-1A2B-40EA-B5D3-F43D95239DBB"}],"bounds":{"lowerRight":{"x":920.197571837016,"y":210.27093609169208},"upperLeft":{"x":920.1373364285778,"y":155.6385437470423}},"dockers":[{"x":50.242193548000024,"y":40.167483871},{"x":14,"y":14}],"target":{"resourceId":"sid-A7A32A5B-1A2B-40EA-B5D3-F43D95239DBB"}},{"resourceId":"sid-6BA5A6E2-A738-4BEB-98B9-2C4C6A4382B4","properties":{"overrideid":"","name":"Reject","documentation":"","conditionsequenceflow":{"expression":{"type":"static","staticValue":"${decision==\"reject\"}"}},"executionlisteners":"","defaultflow":"false","showdiamondmarker":false},"stencil":{"id":"SequenceFlow"},"childShapes":[],"outgoing":[{"resourceId":"sid-A7A32A5B-1A2B-40EA-B5D3-F43D95239DBB"}],"bounds":{"lowerRight":{"x":905.7851724314322,"y":228},"upperLeft":{"x":698.2295120627782,"y":228}},"dockers":[{"x":29.5,"y":23},{"x":3.2405796783582446,"y":17}],"target":{"resourceId":"sid-A7A32A5B-1A2B-40EA-B5D3-F43D95239DBB"}},{"resourceId":"sid-FA6CC853-AAEA-400C-9C4A-3728E0D02BD5","properties":{"overrideid":"","name":"Approved","documentation":"","conditionsequenceflow":{"expression":{"type":"static","staticValue":"${decision==\"accept\"}"}},"executionlisteners":"","defaultflow":"false"},"stencil":{"id":"SequenceFlow"},"childShapes":[],"outgoing":[{"resourceId":"sid-60199D12-9DB6-430A-B138-05B76969BC46"}],"bounds":{"lowerRight":{"x":749.51953125,"y":204.408203125},"upperLeft":{"x":680.5,"y":35}},"dockers":[{"x":20.5,"y":20.5},{"x":680.5,"y":35},{"x":50,"y":40}],"target":{"resourceId":"sid-60199D12-9DB6-430A-B138-05B76969BC46"}}],"bounds":{"lowerRight":{"x":1200,"y":1050},"upperLeft":{"x":0,"y":0}},"stencilset":{"url":"stencilsets/bpmn2.0/bpmn2.0.json","namespace":"http://b3mn.org/stencilset/bpmn2.0#"},"ssextensions":[]}