<?xml version='1.0' encoding='UTF-8'?>
<definitions xmlns="http://www.omg.org/spec/BPMN/20100524/MODEL" xmlns:xsi="http://www.w3.org/2001/XMLSchema-instance" xmlns:xsd="http://www.w3.org/2001/XMLSchema" xmlns:activiti="http://activiti.org/bpmn" xmlns:bpmndi="http://www.omg.org/spec/BPMN/20100524/DI" xmlns:omgdc="http://www.omg.org/spec/DD/20100524/DC" xmlns:omgdi="http://www.omg.org/spec/DD/20100524/DI" typeLanguage="http://www.w3.org/2001/XMLSchema" expressionLanguage="http://www.w3.org/1999/XPath" targetNamespace="http://www.activiti.org/processdef" xmlns:modeler="http://activiti.com/modeler" modeler:version="1.0en" modeler:exportDateTime="20171106135724512" modeler:modelId="28058" modeler:modelVersion="8" modeler:modelLastUpdated="1509600135163">
  <process id="ConnectionRequest" name="ConnectionRequest" isExecutable="true">
    <startEvent id="startEvent1" activiti:formKey="28060">
      <extensionElements>
        <modeler:form-reference-id><![CDATA[28060]]></modeler:form-reference-id>
        <modeler:form-reference-name><![CDATA[FillApplicationForm]]></modeler:form-reference-name>
        <modeler:editor-resource-id><![CDATA[startEvent1]]></modeler:editor-resource-id>
      </extensionElements>
    </startEvent>
    <parallelGateway id="sid-0ACD9F08-DAB7-451E-A33B-90A59DABD7DE">
      <extensionElements>
        <modeler:editor-resource-id><![CDATA[sid-0ACD9F08-DAB7-451E-A33B-90A59DABD7DE]]></modeler:editor-resource-id>
      </extensionElements>
    </parallelGateway>
    <sequenceFlow id="sid-4F4125D3-8C93-425F-9B8F-4B84C6504856" sourceRef="startEvent1" targetRef="sid-0ACD9F08-DAB7-451E-A33B-90A59DABD7DE">
      <extensionElements>
        <modeler:editor-resource-id><![CDATA[sid-4F4125D3-8C93-425F-9B8F-4B84C6504856]]></modeler:editor-resource-id>
      </extensionElements>
    </sequenceFlow>
    <userTask id="sid-381510BF-C3FD-43B4-A5D2-0BCD1007E611" name="Verify KYC" activiti:assignee="$INITIATOR" activiti:formKey="28061">
      <extensionElements>
        <modeler:allow-send-email><![CDATA[true]]></modeler:allow-send-email>
        <modeler:form-reference-id><![CDATA[28061]]></modeler:form-reference-id>
        <modeler:form-reference-name><![CDATA[Verify KYC]]></modeler:form-reference-name>
        <modeler:activiti-idm-initiator><![CDATA[true]]></modeler:activiti-idm-initiator>
        <modeler:editor-resource-id><![CDATA[sid-381510BF-C3FD-43B4-A5D2-0BCD1007E611]]></modeler:editor-resource-id>
      </extensionElements>
    </userTask>
    <sequenceFlow id="sid-CB16F65E-567A-4A5C-8A64-CFABC9903AA8" sourceRef="sid-0ACD9F08-DAB7-451E-A33B-90A59DABD7DE" targetRef="sid-381510BF-C3FD-43B4-A5D2-0BCD1007E611">
      <extensionElements>
        <modeler:editor-resource-id><![CDATA[sid-CB16F65E-567A-4A5C-8A64-CFABC9903AA8]]></modeler:editor-resource-id>
      </extensionElements>
    </sequenceFlow>
    <userTask id="sid-1190BF56-B3DE-42D4-91AC-0809CF476CF3" name="Check if connection already exists" activiti:assignee="$INITIATOR" activiti:formKey="28062">
      <extensionElements>
        <modeler:allow-send-email><![CDATA[true]]></modeler:allow-send-email>
        <modeler:form-reference-id><![CDATA[28062]]></modeler:form-reference-id>
        <modeler:form-reference-name><![CDATA[Check Connection Request]]></modeler:form-reference-name>
        <modeler:activiti-idm-initiator><![CDATA[true]]></modeler:activiti-idm-initiator>
        <modeler:editor-resource-id><![CDATA[sid-1190BF56-B3DE-42D4-91AC-0809CF476CF3]]></modeler:editor-resource-id>
      </extensionElements>
    </userTask>
    <sequenceFlow id="sid-EA315105-635E-4492-AA95-D02053D31D30" sourceRef="sid-0ACD9F08-DAB7-451E-A33B-90A59DABD7DE" targetRef="sid-1190BF56-B3DE-42D4-91AC-0809CF476CF3">
      <extensionElements>
        <modeler:editor-resource-id><![CDATA[sid-EA315105-635E-4492-AA95-D02053D31D30]]></modeler:editor-resource-id>
      </extensionElements>
    </sequenceFlow>
    <parallelGateway id="sid-FCC48E3A-D736-451C-89A1-6D8CBE9F65CA">
      <extensionElements>
        <modeler:editor-resource-id><![CDATA[sid-FCC48E3A-D736-451C-89A1-6D8CBE9F65CA]]></modeler:editor-resource-id>
      </extensionElements>
    </parallelGateway>
    <sequenceFlow id="sid-384080B7-2754-4C44-BBD2-8C803B4B7853" sourceRef="sid-381510BF-C3FD-43B4-A5D2-0BCD1007E611" targetRef="sid-FCC48E3A-D736-451C-89A1-6D8CBE9F65CA">
      <extensionElements>
        <modeler:editor-resource-id><![CDATA[sid-384080B7-2754-4C44-BBD2-8C803B4B7853]]></modeler:editor-resource-id>
      </extensionElements>
    </sequenceFlow>
    <sequenceFlow id="sid-FB132B03-FE5D-42F0-BA20-B027568517D4" sourceRef="sid-1190BF56-B3DE-42D4-91AC-0809CF476CF3" targetRef="sid-FCC48E3A-D736-451C-89A1-6D8CBE9F65CA">
      <extensionElements>
        <modeler:editor-resource-id><![CDATA[sid-FB132B03-FE5D-42F0-BA20-B027568517D4]]></modeler:editor-resource-id>
      </extensionElements>
    </sequenceFlow>
    <userTask id="sid-E6A55667-DD7D-4D0E-9CAD-E1968507D23A" name="Review and approve new connection" activiti:assignee="$INITIATOR" activiti:formKey="28063">
      <extensionElements>
        <modeler:allow-send-email><![CDATA[true]]></modeler:allow-send-email>
        <modeler:form-reference-id><![CDATA[28063]]></modeler:form-reference-id>
        <modeler:form-reference-name><![CDATA[Review And Approve]]></modeler:form-reference-name>
        <modeler:activiti-idm-initiator><![CDATA[true]]></modeler:activiti-idm-initiator>
        <modeler:editor-resource-id><![CDATA[sid-E6A55667-DD7D-4D0E-9CAD-E1968507D23A]]></modeler:editor-resource-id>
      </extensionElements>
    </userTask>
    <sequenceFlow id="sid-C2354D75-66BD-4B84-B2C3-7D7E5684650D" sourceRef="sid-FCC48E3A-D736-451C-89A1-6D8CBE9F65CA" targetRef="sid-E6A55667-DD7D-4D0E-9CAD-E1968507D23A">
      <extensionElements>
        <modeler:editor-resource-id><![CDATA[sid-C2354D75-66BD-4B84-B2C3-7D7E5684650D]]></modeler:editor-resource-id>
      </extensionElements>
    </sequenceFlow>
    <exclusiveGateway id="sid-C8499EB8-BEA5-474F-8EAA-569636B9A146">
      <extensionElements>
        <modeler:editor-resource-id><![CDATA[sid-C8499EB8-BEA5-474F-8EAA-569636B9A146]]></modeler:editor-resource-id>
      </extensionElements>
    </exclusiveGateway>
    <sequenceFlow id="sid-EC6BC0DB-C7EF-43C8-A271-B5BF27C03BA0" sourceRef="sid-E6A55667-DD7D-4D0E-9CAD-E1968507D23A" targetRef="sid-C8499EB8-BEA5-474F-8EAA-569636B9A146">
      <extensionElements>
        <modeler:editor-resource-id><![CDATA[sid-EC6BC0DB-C7EF-43C8-A271-B5BF27C03BA0]]></modeler:editor-resource-id>
      </extensionElements>
    </sequenceFlow>
    <userTask id="sid-60199D12-9DB6-430A-B138-05B76969BC46" name="Setup and Install Connection" activiti:assignee="$INITIATOR" activiti:formKey="28064">
      <extensionElements>
        <modeler:allow-send-email><![CDATA[true]]></modeler:allow-send-email>
        <modeler:form-reference-id><![CDATA[28064]]></modeler:form-reference-id>
        <modeler:form-reference-name><![CDATA[New Connection]]></modeler:form-reference-name>
        <modeler:activiti-idm-initiator><![CDATA[true]]></modeler:activiti-idm-initiator>
        <modeler:editor-resource-id><![CDATA[sid-60199D12-9DB6-430A-B138-05B76969BC46]]></modeler:editor-resource-id>
      </extensionElements>
    </userTask>
    <endEvent id="sid-A7A32A5B-1A2B-40EA-B5D3-F43D95239DBB">
      <extensionElements>
        <modeler:editor-resource-id><![CDATA[sid-A7A32A5B-1A2B-40EA-B5D3-F43D95239DBB]]></modeler:editor-resource-id>
      </extensionElements>
    </endEvent>
    <sequenceFlow id="sid-100105ED-2845-4A73-9819-5A7206F32AF2" sourceRef="sid-60199D12-9DB6-430A-B138-05B76969BC46" targetRef="sid-96321385-3C3C-4C9B-B6C7-FA68B3994138">
      <extensionElements>
        <modeler:editor-resource-id><![CDATA[sid-100105ED-2845-4A73-9819-5A7206F32AF2]]></modeler:editor-resource-id>
      </extensionElements>
    </sequenceFlow>
    <serviceTask id="sid-96321385-3C3C-4C9B-B6C7-FA68B3994138" name="Publish Upload Document To Alfresco" activiti:async="true" activiti:class="com.activiti.runtime.activiti.KickstartAlfrescoPublishDelegate">
      <extensionElements>
        <activiti:field name="relatedContentService">
          <activiti:expression><![CDATA[${relatedContentService}]]></activiti:expression>
        </activiti:field>
        <activiti:field name="relatedContentProcessor">
          <activiti:expression><![CDATA[${relatedContentProcessor}]]></activiti:expression>
        </activiti:field>
        <activiti:field name="historyService">
          <activiti:expression><![CDATA[${historyService}]]></activiti:expression>
        </activiti:field>
        <activiti:field name="alfrescoMetadataProcessor">
          <activiti:expression><![CDATA[${alfrescoMetadataProcessor}]]></activiti:expression>
        </activiti:field>
        <activiti:field name="contentSource">
          <activiti:string><![CDATA[process]]></activiti:string>
        </activiti:field>
        <activiti:field name="metaDataMapping">
          <activiti:string><![CDATA[[]]]></activiti:string>
        </activiti:field>
        <activiti:field name="documentType">
          <activiti:string><![CDATA[cmis:document]]></activiti:string>
        </activiti:field>
        <activiti:field name="documentAspects">
          <activiti:string><![CDATA[[{"aspectName":"cm:titled"}]]]></activiti:string>
        </activiti:field>
        <activiti:field name="account">
          <activiti:string><![CDATA[alfresco-2002-AlfrescoOneSevenOne]]></activiti:string>
        </activiti:field>
        <activiti:field name="site">
          <activiti:string><![CDATA[rm]]></activiti:string>
        </activiti:field>
        <activiti:field name="publishAsType">
          <activiti:string><![CDATA[process_initiator]]></activiti:string>
        </activiti:field>
        <activiti:field name="path">
          <activiti:string><![CDATA[06981be5-c473-4b77-ac2a-a5f9ce8ed415]]></activiti:string>
        </activiti:field>
        <activiti:field name="createFolder">
          <activiti:expression><![CDATA[${applicantname}]]></activiti:expression>
        </activiti:field>
        <modeler:site_title><![CDATA[Records Management]]></modeler:site_title>
        <modeler:path_title><![CDATA[documentLibrary > NPCRecordManagement]]></modeler:path_title>
        <modeler:editor-resource-id><![CDATA[sid-96321385-3C3C-4C9B-B6C7-FA68B3994138]]></modeler:editor-resource-id>
      </extensionElements>
    </serviceTask>
    <sequenceFlow id="sid-425C53CB-FF27-470F-ABA5-372042571E04" sourceRef="sid-96321385-3C3C-4C9B-B6C7-FA68B3994138" targetRef="sid-A7A32A5B-1A2B-40EA-B5D3-F43D95239DBB">
      <extensionElements>
        <modeler:editor-resource-id><![CDATA[sid-425C53CB-FF27-470F-ABA5-372042571E04]]></modeler:editor-resource-id>
      </extensionElements>
    </sequenceFlow>
    <sequenceFlow id="sid-6BA5A6E2-A738-4BEB-98B9-2C4C6A4382B4" name="Reject" sourceRef="sid-C8499EB8-BEA5-474F-8EAA-569636B9A146" targetRef="sid-A7A32A5B-1A2B-40EA-B5D3-F43D95239DBB">
      <extensionElements>
        <modeler:editor-resource-id><![CDATA[sid-6BA5A6E2-A738-4BEB-98B9-2C4C6A4382B4]]></modeler:editor-resource-id>
      </extensionElements>
      <conditionExpression xsi:type="tFormalExpression"><![CDATA[${decision=="reject"}]]></conditionExpression>
    </sequenceFlow>
    <sequenceFlow id="sid-FA6CC853-AAEA-400C-9C4A-3728E0D02BD5" name="Approved" sourceRef="sid-C8499EB8-BEA5-474F-8EAA-569636B9A146" targetRef="sid-60199D12-9DB6-430A-B138-05B76969BC46">
      <extensionElements>
        <modeler:editor-resource-id><![CDATA[sid-FA6CC853-AAEA-400C-9C4A-3728E0D02BD5]]></modeler:editor-resource-id>
      </extensionElements>
      <conditionExpression xsi:type="tFormalExpression"><![CDATA[${decision=="accept"}]]></conditionExpression>
    </sequenceFlow>
  </process>
  <bpmndi:BPMNDiagram id="BPMNDiagram_ConnectionRequest">
    <bpmndi:BPMNPlane bpmnElement="ConnectionRequest" id="BPMNPlane_ConnectionRequest">
      <bpmndi:BPMNShape bpmnElement="startEvent1" id="BPMNShape_startEvent1">
        <omgdc:Bounds height="30.0" width="30.0" x="75.0" y="195.0"/>
      </bpmndi:BPMNShape>
      <bpmndi:BPMNShape bpmnElement="sid-0ACD9F08-DAB7-451E-A33B-90A59DABD7DE" id="BPMNShape_sid-0ACD9F08-DAB7-451E-A33B-90A59DABD7DE">
        <omgdc:Bounds height="40.0" width="40.0" x="202.5" y="193.0"/>
      </bpmndi:BPMNShape>
      <bpmndi:BPMNShape bpmnElement="sid-381510BF-C3FD-43B4-A5D2-0BCD1007E611" id="BPMNShape_sid-381510BF-C3FD-43B4-A5D2-0BCD1007E611">
        <omgdc:Bounds height="80.0" width="100.0" x="270.0" y="90.0"/>
      </bpmndi:BPMNShape>
      <bpmndi:BPMNShape bpmnElement="sid-1190BF56-B3DE-42D4-91AC-0809CF476CF3" id="BPMNShape_sid-1190BF56-B3DE-42D4-91AC-0809CF476CF3">
        <omgdc:Bounds height="80.0" width="100.0" x="270.0" y="255.0"/>
      </bpmndi:BPMNShape>
      <bpmndi:BPMNShape bpmnElement="sid-FCC48E3A-D736-451C-89A1-6D8CBE9F65CA" id="BPMNShape_sid-FCC48E3A-D736-451C-89A1-6D8CBE9F65CA">
        <omgdc:Bounds height="40.0" width="40.0" x="405.0" y="205.0"/>
      </bpmndi:BPMNShape>
      <bpmndi:BPMNShape bpmnElement="sid-E6A55667-DD7D-4D0E-9CAD-E1968507D23A" id="BPMNShape_sid-E6A55667-DD7D-4D0E-9CAD-E1968507D23A">
        <omgdc:Bounds height="80.0" width="100.0" x="495.0" y="185.0"/>
      </bpmndi:BPMNShape>
      <bpmndi:BPMNShape bpmnElement="sid-C8499EB8-BEA5-474F-8EAA-569636B9A146" id="BPMNShape_sid-C8499EB8-BEA5-474F-8EAA-569636B9A146">
        <omgdc:Bounds height="40.0" width="40.0" x="660.0" y="205.0"/>
      </bpmndi:BPMNShape>
      <bpmndi:BPMNShape bpmnElement="sid-60199D12-9DB6-430A-B138-05B76969BC46" id="BPMNShape_sid-60199D12-9DB6-430A-B138-05B76969BC46">
        <omgdc:Bounds height="80.0" width="100.0" x="750.0" y="-5.0"/>
      </bpmndi:BPMNShape>
      <bpmndi:BPMNShape bpmnElement="sid-A7A32A5B-1A2B-40EA-B5D3-F43D95239DBB" id="BPMNShape_sid-A7A32A5B-1A2B-40EA-B5D3-F43D95239DBB">
        <omgdc:Bounds height="28.0" width="28.0" x="906.1210967740001" y="211.0"/>
      </bpmndi:BPMNShape>
      <bpmndi:BPMNShape bpmnElement="sid-96321385-3C3C-4C9B-B6C7-FA68B3994138" id="BPMNShape_sid-96321385-3C3C-4C9B-B6C7-FA68B3994138">
        <omgdc:Bounds height="80.167483871" width="100.24219354800005" x="870.0" y="75.0"/>
      </bpmndi:BPMNShape>
      <bpmndi:BPMNEdge bpmnElement="sid-CB16F65E-567A-4A5C-8A64-CFABC9903AA8" id="BPMNEdge_sid-CB16F65E-567A-4A5C-8A64-CFABC9903AA8">
        <omgdi:waypoint x="223.0" y="193.5"/>
        <omgdi:waypoint x="223.0" y="130.0"/>
        <omgdi:waypoint x="270.0" y="130.0"/>
      </bpmndi:BPMNEdge>
      <bpmndi:BPMNEdge bpmnElement="sid-100105ED-2845-4A73-9819-5A7206F32AF2" id="BPMNEdge_sid-100105ED-2845-4A73-9819-5A7206F32AF2">
        <omgdi:waypoint x="850.0" y="35.0"/>
        <omgdi:waypoint x="920.121096774" y="35.0"/>
        <omgdi:waypoint x="920.121096774" y="75.0"/>
      </bpmndi:BPMNEdge>
      <bpmndi:BPMNEdge bpmnElement="sid-4F4125D3-8C93-425F-9B8F-4B84C6504856" id="BPMNEdge_sid-4F4125D3-8C93-425F-9B8F-4B84C6504856">
        <omgdi:waypoint x="105.0" y="210.0"/>
        <omgdi:waypoint x="153.75" y="210.0"/>
        <omgdi:waypoint x="153.75" y="213.0"/>
        <omgdi:waypoint x="202.5" y="213.0"/>
      </bpmndi:BPMNEdge>
      <bpmndi:BPMNEdge bpmnElement="sid-384080B7-2754-4C44-BBD2-8C803B4B7853" id="BPMNEdge_sid-384080B7-2754-4C44-BBD2-8C803B4B7853">
        <omgdi:waypoint x="370.0" y="130.0"/>
        <omgdi:waypoint x="425.0" y="130.0"/>
        <omgdi:waypoint x="425.0" y="205.0"/>
      </bpmndi:BPMNEdge>
      <bpmndi:BPMNEdge bpmnElement="sid-425C53CB-FF27-470F-ABA5-372042571E04" id="BPMNEdge_sid-425C53CB-FF27-470F-ABA5-372042571E04">
        <omgdi:waypoint x="920.1980912080854" y="155.167483871"/>
        <omgdi:waypoint x="920.1365325835881" y="211.00000850943894"/>
      </bpmndi:BPMNEdge>
      <bpmndi:BPMNEdge bpmnElement="sid-EC6BC0DB-C7EF-43C8-A271-B5BF27C03BA0" id="BPMNEdge_sid-EC6BC0DB-C7EF-43C8-A271-B5BF27C03BA0">
        <omgdi:waypoint x="595.0" y="225.0"/>
        <omgdi:waypoint x="660.0" y="225.0"/>
      </bpmndi:BPMNEdge>
      <bpmndi:BPMNEdge bpmnElement="sid-FA6CC853-AAEA-400C-9C4A-3728E0D02BD5" id="BPMNEdge_sid-FA6CC853-AAEA-400C-9C4A-3728E0D02BD5">
        <omgdi:waypoint x="680.5" y="205.5"/>
        <omgdi:waypoint x="680.5" y="35.0"/>
        <omgdi:waypoint x="750.0" y="35.0"/>
      </bpmndi:BPMNEdge>
      <bpmndi:BPMNEdge bpmnElement="sid-6BA5A6E2-A738-4BEB-98B9-2C4C6A4382B4" id="BPMNEdge_sid-6BA5A6E2-A738-4BEB-98B9-2C4C6A4382B4">
        <omgdi:waypoint x="697.0" y="228.0"/>
        <omgdi:waypoint x="906.1210967740001" y="228.0"/>
      </bpmndi:BPMNEdge>
      <bpmndi:BPMNEdge bpmnElement="sid-FB132B03-FE5D-42F0-BA20-B027568517D4" id="BPMNEdge_sid-FB132B03-FE5D-42F0-BA20-B027568517D4">
        <omgdi:waypoint x="370.0" y="295.0"/>
        <omgdi:waypoint x="425.0" y="295.0"/>
        <omgdi:waypoint x="425.0" y="245.0"/>
      </bpmndi:BPMNEdge>
      <bpmndi:BPMNEdge bpmnElement="sid-C2354D75-66BD-4B84-B2C3-7D7E5684650D" id="BPMNEdge_sid-C2354D75-66BD-4B84-B2C3-7D7E5684650D">
        <omgdi:waypoint x="444.5798319327731" y="225.42016806722688"/>
        <omgdi:waypoint x="495.0" y="225.2092050209205"/>
      </bpmndi:BPMNEdge>
      <bpmndi:BPMNEdge bpmnElement="sid-EA315105-635E-4492-AA95-D02053D31D30" id="BPMNEdge_sid-EA315105-635E-4492-AA95-D02053D31D30">
        <omgdi:waypoint x="223.0" y="232.5"/>
        <omgdi:waypoint x="223.0" y="295.0"/>
        <omgdi:waypoint x="270.0" y="295.0"/>
      </bpmndi:BPMNEdge>
    </bpmndi:BPMNPlane>
  </bpmndi:BPMNDiagram>
</definitions>