{"referenceId":28058,"name":"FillApplicationForm","description":"","editorJson":{"tabs":[],"fields":[{"fieldType":"ContainerRepresentation","id":"1509595088183","name":"Label","type":"container","value":null,"required":false,"readOnly":false,"overrideId":false,"colspan":1,"placeholder":null,"minLength":0,"maxLength":0,"minValue":null,"maxValue":null,"regexPattern":null,"optionType":null,"hasEmptyValue":null,"options":null,"restUrl":null,"restResponsePath":null,"restIdProperty":null,"restLabelProperty":null,"tab":null,"className":null,"dateDisplayFormat":null,"layout":null,"sizeX":2,"sizeY":1,"row":-1,"col":-1,"visibilityCondition":null,"numberOfColumns":2,"fields":{"1":[{"fieldType":"FormFieldRepresentation","id":"applicantname","name":"Applicant Name","type":"text","value":null,"required":true,"readOnly":false,"overrideId":false,"colspan":1,"placeholder":null,"minLength":0,"maxLength":0,"minValue":null,"maxValue":null,"regexPattern":null,"optionType":null,"hasEmptyValue":null,"options":null,"restUrl":null,"restResponsePath":null,"restIdProperty":null,"restLabelProperty":null,"tab":null,"className":null,"params":{"existingColspan":1,"maxColspan":2},"dateDisplayFormat":null,"layout":{"row":-1,"column":-1,"colspan":1},"sizeX":1,"sizeY":1,"row":-1,"col":-1,"visibilityCondition":null},{"fieldType":"FormFieldRepresentation","id":"address","name":"Address","type":"text","value":null,"required":true,"readOnly":false,"overrideId":false,"colspan":1,"placeholder":null,"minLength":0,"maxLength":0,"minValue":null,"maxValue":null,"regexPattern":null,"optionType":null,"hasEmptyValue":null,"options":null,"restUrl":null,"restResponsePath":null,"restIdProperty":null,"restLabelProperty":null,"tab":null,"className":null,"params":{"existingColspan":1,"maxColspan":2},"dateDisplayFormat":null,"layout":{"row":-1,"column":-1,"colspan":1},"sizeX":1,"sizeY":1,"row":-1,"col":-1,"visibilityCondition":null},{"fieldType":"FormFieldRepresentation","id":"emailid","name":"Email Id","type":"text","value":null,"required":true,"readOnly":false,"overrideId":false,"colspan":1,"placeholder":null,"minLength":0,"maxLength":0,"minValue":null,"maxValue":null,"regexPattern":null,"optionType":null,"hasEmptyValue":null,"options":null,"restUrl":null,"restResponsePath":null,"restIdProperty":null,"restLabelProperty":null,"tab":null,"className":null,"params":{"existingColspan":1,"maxColspan":2},"dateDisplayFormat":null,"layout":{"row":-1,"column":-1,"colspan":1},"sizeX":1,"sizeY":1,"row":-1,"col":-1,"visibilityCondition":null}],"2":[{"fieldType":"FormFieldRepresentation","id":"dateofbirth","name":"Date of Birth","type":"date","value":null,"required":true,"readOnly":false,"overrideId":false,"colspan":1,"placeholder":null,"minLength":0,"maxLength":0,"minValue":null,"maxValue":null,"regexPattern":null,"optionType":null,"hasEmptyValue":null,"options":null,"restUrl":null,"restResponsePath":null,"restIdProperty":null,"restLabelProperty":null,"tab":null,"className":null,"params":{"existingColspan":1,"maxColspan":1},"dateDisplayFormat":null,"layout":{"row":-1,"column":-1,"colspan":1},"sizeX":1,"sizeY":1,"row":-1,"col":-1,"visibilityCondition":null},{"fieldType":"FormFieldRepresentation","id":"profession","name":"Profession","type":"text","value":null,"required":false,"readOnly":false,"overrideId":false,"colspan":1,"placeholder":null,"minLength":0,"maxLength":0,"minValue":null,"maxValue":null,"regexPattern":null,"optionType":null,"hasEmptyValue":null,"options":null,"restUrl":null,"restResponsePath":null,"restIdProperty":null,"restLabelProperty":null,"tab":null,"className":null,"params":{"existingColspan":1,"maxColspan":1},"dateDisplayFormat":null,"layout":{"row":-1,"column":-1,"colspan":1},"sizeX":1,"sizeY":1,"row":-1,"col":-1,"visibilityCondition":null},{"fieldType":"FormFieldRepresentation","id":"mobileno","name":"Mobile No","type":"text","value":null,"required":true,"readOnly":false,"overrideId":false,"colspan":1,"placeholder":null,"minLength":0,"maxLength":0,"minValue":null,"maxValue":null,"regexPattern":null,"optionType":null,"hasEmptyValue":null,"options":null,"restUrl":null,"restResponsePath":null,"restIdProperty":null,"restLabelProperty":null,"tab":null,"className":null,"params":{"existingColspan":1,"maxColspan":1},"dateDisplayFormat":null,"layout":{"row":-1,"column":-1,"colspan":1},"sizeX":1,"sizeY":1,"row":-1,"col":-1,"visibilityCondition":null},{"fieldType":"AttachFileFieldRepresentation","id":"documents","name":"Documents","type":"upload","value":null,"required":true,"readOnly":false,"overrideId":false,"colspan":1,"placeholder":null,"minLength":0,"maxLength":0,"minValue":null,"maxValue":null,"regexPattern":null,"optionType":null,"hasEmptyValue":null,"options":null,"restUrl":null,"restResponsePath":null,"restIdProperty":null,"restLabelProperty":null,"tab":null,"className":null,"params":{"existingColspan":1,"maxColspan":1,"fileSource":{"serviceId":"local-file","name":"Local File"},"multiple":true},"dateDisplayFormat":null,"layout":{"row":-1,"column":-1,"colspan":1},"sizeX":1,"sizeY":1,"row":-1,"col":-1,"visibilityCondition":null,"metaDataColumnDefinitions":null}]}}],"outcomes":[],"javascriptEvents":[],"className":"","style":"","customFieldTemplates":{},"metadata":{},"variables":[],"customFieldsValueInfo":{},"gridsterForm":false}}