<?xml version='1.0' encoding='UTF-8'?>
<definitions xmlns="http://www.omg.org/spec/BPMN/20100524/MODEL" xmlns:xsi="http://www.w3.org/2001/XMLSchema-instance" xmlns:xsd="http://www.w3.org/2001/XMLSchema" xmlns:activiti="http://activiti.org/bpmn" xmlns:bpmndi="http://www.omg.org/spec/BPMN/20100524/DI" xmlns:omgdc="http://www.omg.org/spec/DD/20100524/DC" xmlns:omgdi="http://www.omg.org/spec/DD/20100524/DI" typeLanguage="http://www.w3.org/2001/XMLSchema" expressionLanguage="http://www.w3.org/1999/XPath" targetNamespace="http://www.activiti.org/processdef" xmlns:modeler="http://activiti.com/modeler" modeler:version="1.0en" modeler:exportDateTime="20171121022556220" modeler:modelId="4" modeler:modelVersion="4" modeler:modelLastUpdated="1511242155048">
  <process id="testprocessdobpm3" name="testprocessdobpm3" isExecutable="true">
    <startEvent id="startEvent1">
      <extensionElements>
        <modeler:editor-resource-id><![CDATA[startEvent1]]></modeler:editor-resource-id>
      </extensionElements>
    </startEvent>
    <endEvent id="sid-67184F9B-654E-4C46-8F02-C2EB8C9B819D">
      <extensionElements>
        <modeler:editor-resource-id><![CDATA[sid-67184F9B-654E-4C46-8F02-C2EB8C9B819D]]></modeler:editor-resource-id>
      </extensionElements>
    </endEvent>
    <sequenceFlow id="sid-8D2E3F20-74B3-4DE7-9D3D-D5092A6E6D1C" sourceRef="startEvent1" targetRef="sid-67184F9B-654E-4C46-8F02-C2EB8C9B819D">
      <extensionElements>
        <modeler:editor-resource-id><![CDATA[sid-8D2E3F20-74B3-4DE7-9D3D-D5092A6E6D1C]]></modeler:editor-resource-id>
      </extensionElements>
    </sequenceFlow>
    <userTask id="sid-AF1DFEB7-4E82-4B01-B808-8AAD16627B1E" activiti:assignee="$INITIATOR">
      <extensionElements>
        <modeler:allow-send-email><![CDATA[true]]></modeler:allow-send-email>
        <modeler:activiti-idm-initiator><![CDATA[true]]></modeler:activiti-idm-initiator>
        <modeler:editor-resource-id><![CDATA[sid-AF1DFEB7-4E82-4B01-B808-8AAD16627B1E]]></modeler:editor-resource-id>
      </extensionElements>
    </userTask>
    <sequenceFlow id="sid-55C5CFD6-91A0-4240-85D5-5682E1BBE48E" sourceRef="startEvent1" targetRef="sid-AF1DFEB7-4E82-4B01-B808-8AAD16627B1E">
      <extensionElements>
        <modeler:editor-resource-id><![CDATA[sid-55C5CFD6-91A0-4240-85D5-5682E1BBE48E]]></modeler:editor-resource-id>
      </extensionElements>
    </sequenceFlow>
    <endEvent id="sid-9398E34C-A8C5-4409-8B9D-A1F4B0201151">
      <extensionElements>
        <modeler:editor-resource-id><![CDATA[sid-9398E34C-A8C5-4409-8B9D-A1F4B0201151]]></modeler:editor-resource-id>
      </extensionElements>
    </endEvent>
    <sequenceFlow id="sid-1780D8FF-E640-45EC-B24C-4491D17AC428" sourceRef="sid-AF1DFEB7-4E82-4B01-B808-8AAD16627B1E" targetRef="sid-9398E34C-A8C5-4409-8B9D-A1F4B0201151">
      <extensionElements>
        <modeler:editor-resource-id><![CDATA[sid-1780D8FF-E640-45EC-B24C-4491D17AC428]]></modeler:editor-resource-id>
      </extensionElements>
    </sequenceFlow>
  </process>
  <bpmndi:BPMNDiagram id="BPMNDiagram_testprocessdobpm3">
    <bpmndi:BPMNPlane bpmnElement="testprocessdobpm3" id="BPMNPlane_testprocessdobpm3">
      <bpmndi:BPMNShape bpmnElement="startEvent1" id="BPMNShape_startEvent1">
        <omgdc:Bounds height="30.0" width="30.0" x="90.0" y="150.0"/>
      </bpmndi:BPMNShape>
      <bpmndi:BPMNShape bpmnElement="sid-67184F9B-654E-4C46-8F02-C2EB8C9B819D" id="BPMNShape_sid-67184F9B-654E-4C46-8F02-C2EB8C9B819D">
        <omgdc:Bounds height="28.0" width="28.0" x="165.0" y="151.0"/>
      </bpmndi:BPMNShape>
      <bpmndi:BPMNShape bpmnElement="sid-AF1DFEB7-4E82-4B01-B808-8AAD16627B1E" id="BPMNShape_sid-AF1DFEB7-4E82-4B01-B808-8AAD16627B1E">
        <omgdc:Bounds height="80.0" width="100.0" x="165.0" y="125.0"/>
      </bpmndi:BPMNShape>
      <bpmndi:BPMNShape bpmnElement="sid-9398E34C-A8C5-4409-8B9D-A1F4B0201151" id="BPMNShape_sid-9398E34C-A8C5-4409-8B9D-A1F4B0201151">
        <omgdc:Bounds height="28.0" width="28.0" x="310.0" y="151.0"/>
      </bpmndi:BPMNShape>
      <bpmndi:BPMNEdge bpmnElement="sid-8D2E3F20-74B3-4DE7-9D3D-D5092A6E6D1C" id="BPMNEdge_sid-8D2E3F20-74B3-4DE7-9D3D-D5092A6E6D1C">
        <omgdi:waypoint x="120.0" y="165.0"/>
        <omgdi:waypoint x="165.0" y="165.0"/>
      </bpmndi:BPMNEdge>
      <bpmndi:BPMNEdge bpmnElement="sid-55C5CFD6-91A0-4240-85D5-5682E1BBE48E" id="BPMNEdge_sid-55C5CFD6-91A0-4240-85D5-5682E1BBE48E">
        <omgdi:waypoint x="120.0" y="165.0"/>
        <omgdi:waypoint x="165.0" y="165.0"/>
      </bpmndi:BPMNEdge>
      <bpmndi:BPMNEdge bpmnElement="sid-1780D8FF-E640-45EC-B24C-4491D17AC428" id="BPMNEdge_sid-1780D8FF-E640-45EC-B24C-4491D17AC428">
        <omgdi:waypoint x="265.0" y="165.0"/>
        <omgdi:waypoint x="310.0" y="165.0"/>
      </bpmndi:BPMNEdge>
    </bpmndi:BPMNPlane>
  </bpmndi:BPMNDiagram>
</definitions>