<?xml version='1.0' encoding='UTF-8'?>
<definitions xmlns="http://www.omg.org/spec/BPMN/20100524/MODEL" xmlns:xsi="http://www.w3.org/2001/XMLSchema-instance" xmlns:xsd="http://www.w3.org/2001/XMLSchema" xmlns:activiti="http://activiti.org/bpmn" xmlns:bpmndi="http://www.omg.org/spec/BPMN/20100524/DI" xmlns:omgdc="http://www.omg.org/spec/DD/20100524/DC" xmlns:omgdi="http://www.omg.org/spec/DD/20100524/DI" typeLanguage="http://www.w3.org/2001/XMLSchema" expressionLanguage="http://www.w3.org/1999/XPath" targetNamespace="http://www.activiti.org/processdef" xmlns:modeler="http://activiti.com/modeler" modeler:version="1.0en" modeler:exportDateTime="20171120202658889" modeler:modelId="3" modeler:modelVersion="3" modeler:modelLastUpdated="1511163695873">
  <process id="testprocessdobpm2" name="testprocessdobpm2" isExecutable="true">
    <startEvent id="startEvent1">
      <extensionElements>
        <modeler:editor-resource-id><![CDATA[startEvent1]]></modeler:editor-resource-id>
      </extensionElements>
    </startEvent>
    <userTask id="sid-5A4DF817-00FC-4BF2-9073-E86511708805" activiti:assignee="$INITIATOR">
      <extensionElements>
        <modeler:allow-send-email><![CDATA[true]]></modeler:allow-send-email>
        <modeler:activiti-idm-initiator><![CDATA[true]]></modeler:activiti-idm-initiator>
        <modeler:editor-resource-id><![CDATA[sid-5A4DF817-00FC-4BF2-9073-E86511708805]]></modeler:editor-resource-id>
      </extensionElements>
    </userTask>
    <sequenceFlow id="sid-62E640AF-B9FE-4243-BDEF-EB1C922BED40" sourceRef="startEvent1" targetRef="sid-5A4DF817-00FC-4BF2-9073-E86511708805">
      <extensionElements>
        <modeler:editor-resource-id><![CDATA[sid-62E640AF-B9FE-4243-BDEF-EB1C922BED40]]></modeler:editor-resource-id>
      </extensionElements>
    </sequenceFlow>
    <endEvent id="sid-ED96BC20-1405-47F8-B148-CA11E21ACA9B">
      <extensionElements>
        <modeler:editor-resource-id><![CDATA[sid-ED96BC20-1405-47F8-B148-CA11E21ACA9B]]></modeler:editor-resource-id>
      </extensionElements>
    </endEvent>
    <sequenceFlow id="sid-DFFA7FA3-48C7-4D7E-AD74-7177EDDFA110" sourceRef="sid-5A4DF817-00FC-4BF2-9073-E86511708805" targetRef="sid-ED96BC20-1405-47F8-B148-CA11E21ACA9B">
      <extensionElements>
        <modeler:editor-resource-id><![CDATA[sid-DFFA7FA3-48C7-4D7E-AD74-7177EDDFA110]]></modeler:editor-resource-id>
      </extensionElements>
    </sequenceFlow>
  </process>
  <bpmndi:BPMNDiagram id="BPMNDiagram_testprocessdobpm2">
    <bpmndi:BPMNPlane bpmnElement="testprocessdobpm2" id="BPMNPlane_testprocessdobpm2">
      <bpmndi:BPMNShape bpmnElement="startEvent1" id="BPMNShape_startEvent1">
        <omgdc:Bounds height="30.0" width="30.0" x="90.0" y="150.0"/>
      </bpmndi:BPMNShape>
      <bpmndi:BPMNShape bpmnElement="sid-5A4DF817-00FC-4BF2-9073-E86511708805" id="BPMNShape_sid-5A4DF817-00FC-4BF2-9073-E86511708805">
        <omgdc:Bounds height="80.0" width="100.0" x="165.0" y="125.0"/>
      </bpmndi:BPMNShape>
      <bpmndi:BPMNShape bpmnElement="sid-ED96BC20-1405-47F8-B148-CA11E21ACA9B" id="BPMNShape_sid-ED96BC20-1405-47F8-B148-CA11E21ACA9B">
        <omgdc:Bounds height="28.0" width="28.0" x="310.0" y="151.0"/>
      </bpmndi:BPMNShape>
      <bpmndi:BPMNEdge bpmnElement="sid-DFFA7FA3-48C7-4D7E-AD74-7177EDDFA110" id="BPMNEdge_sid-DFFA7FA3-48C7-4D7E-AD74-7177EDDFA110">
        <omgdi:waypoint x="265.0" y="165.0"/>
        <omgdi:waypoint x="310.0" y="165.0"/>
      </bpmndi:BPMNEdge>
      <bpmndi:BPMNEdge bpmnElement="sid-62E640AF-B9FE-4243-BDEF-EB1C922BED40" id="BPMNEdge_sid-62E640AF-B9FE-4243-BDEF-EB1C922BED40">
        <omgdi:waypoint x="120.0" y="165.0"/>
        <omgdi:waypoint x="165.0" y="165.0"/>
      </bpmndi:BPMNEdge>
    </bpmndi:BPMNPlane>
  </bpmndi:BPMNDiagram>
</definitions>