<?xml version='1.0' encoding='UTF-8'?>
<definitions xmlns="http://www.omg.org/spec/BPMN/20100524/MODEL" xmlns:xsi="http://www.w3.org/2001/XMLSchema-instance" xmlns:xsd="http://www.w3.org/2001/XMLSchema" xmlns:activiti="http://activiti.org/bpmn" xmlns:bpmndi="http://www.omg.org/spec/BPMN/20100524/DI" xmlns:omgdc="http://www.omg.org/spec/DD/20100524/DC" xmlns:omgdi="http://www.omg.org/spec/DD/20100524/DI" typeLanguage="http://www.w3.org/2001/XMLSchema" expressionLanguage="http://www.w3.org/1999/XPath" targetNamespace="http://www.activiti.org/processdef" xmlns:modeler="http://activiti.com/modeler" modeler:version="1.0en" modeler:exportDateTime="20171127044237110" modeler:modelId="2" modeler:modelVersion="6" modeler:modelLastUpdated="1511243635912">
  <process id="Testdobpm" name="Testdobpm" isExecutable="true">
    <startEvent id="startEvent1">
      <extensionElements>
        <modeler:editor-resource-id><![CDATA[startEvent1]]></modeler:editor-resource-id>
      </extensionElements>
    </startEvent>
    <userTask id="sid-4145E1BF-8FBC-4E53-8330-02E39927FF9A" activiti:assignee="$INITIATOR">
      <extensionElements>
        <modeler:allow-send-email><![CDATA[true]]></modeler:allow-send-email>
        <modeler:activiti-idm-initiator><![CDATA[true]]></modeler:activiti-idm-initiator>
        <modeler:editor-resource-id><![CDATA[sid-4145E1BF-8FBC-4E53-8330-02E39927FF9A]]></modeler:editor-resource-id>
      </extensionElements>
    </userTask>
    <sequenceFlow id="sid-70FA91AF-D96B-4C9C-8881-1C0303D28439" sourceRef="startEvent1" targetRef="sid-4145E1BF-8FBC-4E53-8330-02E39927FF9A">
      <extensionElements>
        <modeler:editor-resource-id><![CDATA[sid-70FA91AF-D96B-4C9C-8881-1C0303D28439]]></modeler:editor-resource-id>
      </extensionElements>
    </sequenceFlow>
    <endEvent id="sid-99E8947D-95D5-4A78-8935-900AD798B880">
      <extensionElements>
        <modeler:editor-resource-id><![CDATA[sid-99E8947D-95D5-4A78-8935-900AD798B880]]></modeler:editor-resource-id>
      </extensionElements>
    </endEvent>
    <sequenceFlow id="sid-8EE67DE2-B6D6-4FA9-8F16-C057E393C9F1" sourceRef="sid-4145E1BF-8FBC-4E53-8330-02E39927FF9A" targetRef="sid-99E8947D-95D5-4A78-8935-900AD798B880">
      <extensionElements>
        <modeler:editor-resource-id><![CDATA[sid-8EE67DE2-B6D6-4FA9-8F16-C057E393C9F1]]></modeler:editor-resource-id>
      </extensionElements>
    </sequenceFlow>
  </process>
  <bpmndi:BPMNDiagram id="BPMNDiagram_Testdobpm">
    <bpmndi:BPMNPlane bpmnElement="Testdobpm" id="BPMNPlane_Testdobpm">
      <bpmndi:BPMNShape bpmnElement="startEvent1" id="BPMNShape_startEvent1">
        <omgdc:Bounds height="30.0" width="30.0" x="90.0" y="150.0"/>
      </bpmndi:BPMNShape>
      <bpmndi:BPMNShape bpmnElement="sid-4145E1BF-8FBC-4E53-8330-02E39927FF9A" id="BPMNShape_sid-4145E1BF-8FBC-4E53-8330-02E39927FF9A">
        <omgdc:Bounds height="80.0" width="100.0" x="165.0" y="125.0"/>
      </bpmndi:BPMNShape>
      <bpmndi:BPMNShape bpmnElement="sid-99E8947D-95D5-4A78-8935-900AD798B880" id="BPMNShape_sid-99E8947D-95D5-4A78-8935-900AD798B880">
        <omgdc:Bounds height="28.0" width="28.0" x="310.0" y="151.0"/>
      </bpmndi:BPMNShape>
      <bpmndi:BPMNEdge bpmnElement="sid-8EE67DE2-B6D6-4FA9-8F16-C057E393C9F1" id="BPMNEdge_sid-8EE67DE2-B6D6-4FA9-8F16-C057E393C9F1">
        <omgdi:waypoint x="265.0" y="165.0"/>
        <omgdi:waypoint x="310.0" y="165.0"/>
      </bpmndi:BPMNEdge>
      <bpmndi:BPMNEdge bpmnElement="sid-70FA91AF-D96B-4C9C-8881-1C0303D28439" id="BPMNEdge_sid-70FA91AF-D96B-4C9C-8881-1C0303D28439">
        <omgdi:waypoint x="120.0" y="165.0"/>
        <omgdi:waypoint x="165.0" y="165.0"/>
      </bpmndi:BPMNEdge>
    </bpmndi:BPMNPlane>
  </bpmndi:BPMNDiagram>
</definitions>